# Code generated by font_to_py.py.
# Font: DejaVuSans-16.bdf Char set:  !"#$%&'()*+,-./0123456789:;<=>?@ABCDEFGHIJKLMNOPQRSTUVWXYZ[\]^_`abcdefghijklmnopqrstuvwxyz{|}~¡¢£¤¥¦§¨©ª«¬®¯°±²³´µ¶·¸¹º»¼½¾¿ÀÁÂÃÄÅÆÇÈÉÊËÌÍÎÏÐÑÒÓÔÕÖ×ØÙÚÛÜÝÞßàáâãäåæçèéêëìíîïðñòóôõö÷øùúûüýþÿĀāĂăĄąĆćĈĉĊċČčĎďĐđĒēĔĕĖėĘęĚěĜĝĞğĠġĢģĤĥĦħĨĩĪīĬĭĮįİıĲĳĴĵĶķĸĹĺĻļĽľĿŀŁłŃńŅņŇňŊŋŌōŎŏŐőŒœŔŕŖŗŘřŚśŜŝŞşŠšŢţŤťŦŧŨũŪūŬŭŮůŰűŲųŴŵŶŷŸŹźŻżŽžΆΈΉΊΌΎΏΑΒΓΔΕΖΗΘΙΚΛΜΝΞΟΠΡΣΤΥΦΧΨΩάέήίαβγδεζηθικλμνξοπρςστυφχψωόύώϐϑϕϖЁЄІЇЎАБВГДЕЖЗИЙКЛМНОПРСТУФХЦЧШЩЪЫЬЭЮЯабвгдежзийклмнопрстуфхцчшщъыьэюяёєіїў
# Cmd: /Users/apple/Projekte/cube/.venv/bin/font_to_py -k charset.txt DejaVuSans-16.bdf 16 dejavu16.py
version = '0.42'

def height():
    return 27

def baseline():
    return 22

def max_width():
    return 24

def hmap():
    return True

def reverse():
    return False

def monospaced():
    return False

def min_ch():
    return 32

def max_ch():
    return 1118

_font =\
b'\x0c\x00\x00\x00\x00\x00\x00\x00\x00\x00\x00\x00\x00\x00\x1f\x00'\
b'\x3f\x80\x21\xc0\x00\xc0\x00\xc0\x01\x80\x03\x00\x06\x00\x0c\x00'\
b'\x0c\x00\x0c\x00\x00\x00\x00\x00\x0c\x00\x0c\x00\x0c\x00\x00\x00'\
b'\x00\x00\x00\x00\x00\x00\x00\x00\x07\x00\x00\x00\x00\x00\x00\x00'\
b'\x00\x00\x00\x00\x00\x00\x00\x00\x00\x00\x00\x00\x00\x00\x00\x00'\
b'\x00\x00\x00\x00\x00\x00\x00\x00\x09\x00\x00\x00\x00\x00\x00\x00'\
b'\x00\x00\x00\x00\x00\x00\x1c\x00\x1c\x00\x1c\x00\x1c\x00\x1c\x00'\
b'\x1c\x00\x1c\x00\x18\x00\x18\x00\x18\x00\x08\x00\x00\x00\x00\x00'\
b'\x1c\x00\x1c\x00\x1c\x00\x00\x00\x00\x00\x00\x00\x00\x00\x00\x00'\
b'\x0a\x00\x00\x00\x00\x00\x00\x00\x00\x00\x00\x00\x00\x00\x33\x00'\
b'\x33\x00\x33\x00\x33\x00\x33\x00\x33\x00\x00\x00\x00\x00\x00\x00'\
b'\x00\x00\x00\x00\x00\x00\x00\x00\x00\x00\x00\x00\x00\x00\x00\x00'\
b'\x00\x00\x00\x00\x00\x00\x00\x00\x12\x00\x00\x00\x00\x00\x00\x00'\
b'\x00\x00\x00\x00\x00\x00\x00\x00\x00\x00\x00\x00\x00\x00\x00\x00'\
b'\xc4\x00\x01\x8c\x00\x01\x8c\x00\x01\x8c\x00\x1f\xff\x80\x1f\xff'\
b'\x80\x03\x18\x00\x03\x18\x00\x02\x10\x00\x3f\xff\x00\x3f\xff\x00'\
b'\x06\x30\x00\x04\x20\x00\x0c\x60\x00\x0c\x60\x00\x00\x00\x00\x00'\
b'\x00\x00\x00\x00\x00\x00\x00\x00\x00\x00\x00\x00\x00\x00\x00\x00'\
b'\x0e\x00\x00\x00\x00\x00\x00\x00\x00\x00\x00\x00\x02\x00\x02\x00'\
b'\x02\x00\x0f\xc0\x1f\xe0\x3a\x20\x32\x00\x32\x00\x3a\x00\x1f\x80'\
b'\x07\xe0\x02\x70\x02\x30\x02\x30\x22\x70\x3f\xe0\x1f\xc0\x02\x00'\
b'\x02\x00\x02\x00\x00\x00\x00\x00\x15\x00\x00\x00\x00\x00\x00\x00'\
b'\x00\x00\x00\x00\x00\x00\x00\x00\x00\x00\x00\x00\x1e\x03\x00\x33'\
b'\x02\x00\x21\x06\x00\x61\x8c\x00\x61\x8c\x00\x61\x98\x00\x21\x10'\
b'\x00\x33\x33\xc0\x1e\x66\x60\x00\x44\x20\x00\xcc\x30\x01\x8c\x30'\
b'\x01\x0c\x30\x03\x04\x20\x02\x06\x60\x06\x03\xc0\x00\x00\x00\x00'\
b'\x00\x00\x00\x00\x00\x00\x00\x00\x00\x00\x00\x00\x00\x00\x00\x00'\
b'\x11\x00\x00\x00\x00\x00\x00\x00\x00\x00\x00\x00\x00\x00\x00\x00'\
b'\x00\x00\x00\x00\x07\xc0\x00\x0f\xe0\x00\x1c\x20\x00\x18\x00\x00'\
b'\x18\x00\x00\x0c\x00\x00\x0e\x00\x00\x1b\x03\x00\x31\x82\x00\x30'\
b'\xe6\x00\x60\x76\x00\x70\x3c\x00\x30\x1c\x00\x38\x3c\x00\x1f\xf6'\
b'\x00\x07\xc7\x00\x00\x00\x00\x00\x00\x00\x00\x00\x00\x00\x00\x00'\
b'\x00\x00\x00\x00\x00\x00\x00\x00\x06\x00\x00\x00\x00\x00\x00\x00'\
b'\x30\x30\x30\x30\x30\x30\x00\x00\x00\x00\x00\x00\x00\x00\x00\x00'\
b'\x00\x00\x00\x00\x00\x00\x00\x00\x09\x00\x00\x00\x00\x00\x00\x00'\
b'\x00\x00\x00\x00\x06\x00\x0c\x00\x0c\x00\x18\x00\x18\x00\x18\x00'\
b'\x30\x00\x30\x00\x30\x00\x30\x00\x30\x00\x30\x00\x30\x00\x30\x00'\
b'\x18\x00\x18\x00\x18\x00\x0c\x00\x0c\x00\x06\x00\x00\x00\x00\x00'\
b'\x09\x00\x00\x00\x00\x00\x00\x00\x00\x00\x00\x00\x30\x00\x10\x00'\
b'\x18\x00\x18\x00\x0c\x00\x0c\x00\x0c\x00\x0c\x00\x06\x00\x06\x00'\
b'\x06\x00\x06\x00\x0c\x00\x0c\x00\x0c\x00\x0c\x00\x18\x00\x18\x00'\
b'\x10\x00\x30\x00\x00\x00\x00\x00\x0b\x00\x00\x00\x00\x00\x00\x00'\
b'\x00\x00\x00\x00\x00\x00\x04\x00\x04\x00\x44\x40\x35\x80\x0e\x00'\
b'\x0e\x00\x35\x80\x44\x40\x04\x00\x04\x00\x00\x00\x00\x00\x00\x00'\
b'\x00\x00\x00\x00\x00\x00\x00\x00\x00\x00\x00\x00\x00\x00\x00\x00'\
b'\x12\x00\x00\x00\x00\x00\x00\x00\x00\x00\x00\x00\x00\x00\x00\x00'\
b'\x00\x00\x00\x00\x00\x00\x00\x00\x00\x00\x00\xc0\x00\x00\xc0\x00'\
b'\x00\xc0\x00\x00\xc0\x00\x00\xc0\x00\x00\xc0\x00\x3f\xff\x00\x3f'\
b'\xff\x00\x00\xc0\x00\x00\xc0\x00\x00\xc0\x00\x00\xc0\x00\x00\xc0'\
b'\x00\x00\xc0\x00\x00\x00\x00\x00\x00\x00\x00\x00\x00\x00\x00\x00'\
b'\x00\x00\x00\x00\x00\x00\x00\x00\x07\x00\x00\x00\x00\x00\x00\x00'\
b'\x00\x00\x00\x00\x00\x00\x00\x00\x00\x00\x00\x00\x00\x18\x18\x30'\
b'\x30\x20\x00\x00\x00\x00\x00\x00\x08\x00\x00\x00\x00\x00\x00\x00'\
b'\x00\x00\x00\x00\x00\x00\x00\x00\x00\x7e\x7e\x00\x00\x00\x00\x00'\
b'\x00\x00\x00\x00\x00\x00\x00\x00\x07\x00\x00\x00\x00\x00\x00\x00'\
b'\x00\x00\x00\x00\x00\x00\x00\x00\x00\x00\x00\x00\x00\x38\x38\x38'\
b'\x00\x00\x00\x00\x00\x00\x00\x00\x07\x00\x00\x00\x00\x00\x00\x00'\
b'\x06\x06\x06\x04\x0c\x0c\x08\x18\x18\x10\x30\x30\x30\x60\x60\x60'\
b'\xc0\xc0\x00\x00\x00\x00\x00\x00\x0e\x00\x00\x00\x00\x00\x00\x00'\
b'\x00\x00\x00\x00\x00\x00\x07\x80\x1f\xe0\x18\x60\x30\x30\x30\x30'\
b'\x30\x30\x30\x30\x70\x38\x70\x38\x30\x30\x30\x30\x30\x30\x30\x30'\
b'\x18\x60\x1f\xe0\x07\x80\x00\x00\x00\x00\x00\x00\x00\x00\x00\x00'\
b'\x0e\x00\x00\x00\x00\x00\x00\x00\x00\x00\x00\x00\x00\x00\x0f\x00'\
b'\x3f\x00\x33\x00\x03\x00\x03\x00\x03\x00\x03\x00\x03\x00\x03\x00'\
b'\x03\x00\x03\x00\x03\x00\x03\x00\x03\x00\x1f\xf0\x1f\xf0\x00\x00'\
b'\x00\x00\x00\x00\x00\x00\x00\x00\x0e\x00\x00\x00\x00\x00\x00\x00'\
b'\x00\x00\x00\x00\x00\x00\x1f\x80\x3f\xe0\x20\xe0\x00\x70\x00\x30'\
b'\x00\x70\x00\x60\x00\xe0\x01\xc0\x03\x80\x07\x00\x0e\x00\x1c\x00'\
b'\x38\x00\x3f\xf0\x3f\xf0\x00\x00\x00\x00\x00\x00\x00\x00\x00\x00'\
b'\x0e\x00\x00\x00\x00\x00\x00\x00\x00\x00\x00\x00\x00\x00\x0f\x80'\
b'\x3f\xe0\x20\x60\x00\x30\x00\x30\x00\x30\x00\x60\x0f\xc0\x0f\xe0'\
b'\x00\x70\x00\x30\x00\x30\x00\x30\x20\x70\x3f\xe0\x1f\x80\x00\x00'\
b'\x00\x00\x00\x00\x00\x00\x00\x00\x0e\x00\x00\x00\x00\x00\x00\x00'\
b'\x00\x00\x00\x00\x00\x00\x01\xc0\x01\xc0\x03\xc0\x06\xc0\x06\xc0'\
b'\x0c\xc0\x18\xc0\x18\xc0\x30\xc0\x60\xc0\x7f\xf8\x7f\xf8\x00\xc0'\
b'\x00\xc0\x00\xc0\x00\xc0\x00\x00\x00\x00\x00\x00\x00\x00\x00\x00'\
b'\x0e\x00\x00\x00\x00\x00\x00\x00\x00\x00\x00\x00\x00\x00\x3f\xe0'\
b'\x3f\xe0\x30\x00\x30\x00\x30\x00\x3f\x80\x3f\xe0\x20\xe0\x00\x70'\
b'\x00\x30\x00\x30\x00\x30\x00\x70\x20\xe0\x3f\xe0\x1f\x80\x00\x00'\
b'\x00\x00\x00\x00\x00\x00\x00\x00\x0e\x00\x00\x00\x00\x00\x00\x00'\
b'\x00\x00\x00\x00\x00\x00\x03\xe0\x0f\xf0\x1c\x10\x38\x00\x30\x00'\
b'\x30\x00\x37\xc0\x3f\xe0\x38\x70\x30\x30\x30\x38\x30\x38\x30\x30'\
b'\x18\x70\x1f\xe0\x07\xc0\x00\x00\x00\x00\x00\x00\x00\x00\x00\x00'\
b'\x0e\x00\x00\x00\x00\x00\x00\x00\x00\x00\x00\x00\x00\x00\x3f\xf0'\
b'\x3f\xf0\x00\x70\x00\x60\x00\x60\x00\xc0\x00\xc0\x01\xc0\x01\x80'\
b'\x01\x80\x03\x00\x03\x00\x07\x00\x06\x00\x06\x00\x0c\x00\x00\x00'\
b'\x00\x00\x00\x00\x00\x00\x00\x00\x0e\x00\x00\x00\x00\x00\x00\x00'\
b'\x00\x00\x00\x00\x00\x00\x0f\xc0\x1f\xe0\x38\x70\x30\x30\x30\x30'\
b'\x30\x30\x18\x60\x0f\xc0\x1f\xe0\x38\x70\x30\x30\x30\x30\x30\x30'\
b'\x38\x70\x1f\xe0\x0f\xc0\x00\x00\x00\x00\x00\x00\x00\x00\x00\x00'\
b'\x0e\x00\x00\x00\x00\x00\x00\x00\x00\x00\x00\x00\x00\x00\x0f\x80'\
b'\x1f\xe0\x38\x60\x30\x30\x70\x30\x70\x30\x30\x30\x38\x70\x1f\xf0'\
b'\x0f\xb0\x00\x30\x00\x30\x00\x70\x20\xe0\x3f\xc0\x1f\x00\x00\x00'\
b'\x00\x00\x00\x00\x00\x00\x00\x00\x07\x00\x00\x00\x00\x00\x00\x00'\
b'\x00\x00\x00\x00\x00\x18\x18\x18\x00\x00\x00\x00\x00\x18\x18\x18'\
b'\x00\x00\x00\x00\x00\x00\x00\x00\x07\x00\x00\x00\x00\x00\x00\x00'\
b'\x00\x00\x00\x00\x00\x18\x18\x18\x00\x00\x00\x00\x00\x18\x18\x30'\
b'\x30\x20\x00\x00\x00\x00\x00\x00\x12\x00\x00\x00\x00\x00\x00\x00'\
b'\x00\x00\x00\x00\x00\x00\x00\x00\x00\x00\x00\x00\x00\x00\x00\x00'\
b'\x00\x00\x00\x00\x00\x00\x01\x00\x00\x0f\x00\x00\x7e\x00\x01\xf0'\
b'\x00\x0f\x80\x00\x3c\x00\x00\x3c\x00\x00\x0f\x80\x00\x01\xf0\x00'\
b'\x00\x7e\x00\x00\x0f\x00\x00\x01\x00\x00\x00\x00\x00\x00\x00\x00'\
b'\x00\x00\x00\x00\x00\x00\x00\x00\x00\x00\x00\x00\x00\x00\x00\x00'\
b'\x12\x00\x00\x00\x00\x00\x00\x00\x00\x00\x00\x00\x00\x00\x00\x00'\
b'\x00\x00\x00\x00\x00\x00\x00\x00\x00\x00\x00\x00\x00\x00\x00\x00'\
b'\x00\x00\x00\x3f\xff\x00\x3f\xff\x00\x00\x00\x00\x00\x00\x00\x00'\
b'\x00\x00\x3f\xff\x00\x3f\xff\x00\x00\x00\x00\x00\x00\x00\x00\x00'\
b'\x00\x00\x00\x00\x00\x00\x00\x00\x00\x00\x00\x00\x00\x00\x00\x00'\
b'\x00\x00\x00\x00\x00\x00\x00\x00\x12\x00\x00\x00\x00\x00\x00\x00'\
b'\x00\x00\x00\x00\x00\x00\x00\x00\x00\x00\x00\x00\x00\x00\x00\x00'\
b'\x00\x00\x00\x00\x00\x30\x00\x00\x3c\x00\x00\x0f\x80\x00\x03\xf0'\
b'\x00\x00\x7e\x00\x00\x0f\x00\x00\x0f\x00\x00\x7e\x00\x03\xf0\x00'\
b'\x0f\x80\x00\x3c\x00\x00\x30\x00\x00\x00\x00\x00\x00\x00\x00\x00'\
b'\x00\x00\x00\x00\x00\x00\x00\x00\x00\x00\x00\x00\x00\x00\x00\x00'\
b'\x0c\x00\x00\x00\x00\x00\x00\x00\x00\x00\x00\x00\x00\x00\x1f\x00'\
b'\x3f\x80\x21\xc0\x00\xc0\x00\xc0\x01\x80\x03\x00\x06\x00\x0c\x00'\
b'\x0c\x00\x0c\x00\x00\x00\x00\x00\x0c\x00\x0c\x00\x0c\x00\x00\x00'\
b'\x00\x00\x00\x00\x00\x00\x00\x00\x16\x00\x00\x00\x00\x00\x00\x00'\
b'\x00\x00\x00\x00\x00\x00\x00\x00\x00\x00\x00\x00\x00\x00\x00\x00'\
b'\xfe\x00\x03\xff\x80\x07\x03\xc0\x0c\x00\xe0\x18\x00\x30\x30\x7b'\
b'\x30\x31\xff\x10\x21\x87\x10\x21\x03\x10\x63\x03\x10\x61\x03\x30'\
b'\x21\x87\x70\x31\xff\xe0\x30\x7b\x80\x18\x00\x00\x0c\x00\x80\x0f'\
b'\x03\x80\x03\xff\x00\x00\xfc\x00\x00\x00\x00\x00\x00\x00\x00\x00'\
b'\x0f\x00\x00\x00\x00\x00\x00\x00\x00\x00\x00\x00\x00\x00\x03\x80'\
b'\x03\x80\x06\xc0\x06\xc0\x06\xc0\x0c\x60\x0c\x60\x1c\x30\x18\x30'\
b'\x18\x30\x3f\xf8\x3f\xf8\x30\x1c\x60\x0c\x60\x0c\xe0\x0e\x00\x00'\
b'\x00\x00\x00\x00\x00\x00\x00\x00\x0f\x00\x00\x00\x00\x00\x00\x00'\
b'\x00\x00\x00\x00\x00\x00\x3f\xe0\x3f\xf0\x30\x38\x30\x18\x30\x18'\
b'\x30\x18\x30\x30\x3f\xe0\x3f\xf0\x30\x38\x30\x18\x30\x1c\x30\x18'\
b'\x30\x38\x3f\xf8\x3f\xe0\x00\x00\x00\x00\x00\x00\x00\x00\x00\x00'\
b'\x0f\x00\x00\x00\x00\x00\x00\x00\x00\x00\x00\x00\x00\x00\x03\xf0'\
b'\x0f\xfc\x1c\x0c\x38\x04\x30\x00\x30\x00\x70\x00\x70\x00\x70\x00'\
b'\x70\x00\x30\x00\x30\x00\x38\x04\x1c\x0c\x0f\xfc\x03\xf0\x00\x00'\
b'\x00\x00\x00\x00\x00\x00\x00\x00\x11\x00\x00\x00\x00\x00\x00\x00'\
b'\x00\x00\x00\x00\x00\x00\x00\x00\x00\x00\x00\x00\x3f\xe0\x00\x3f'\
b'\xf8\x00\x30\x3c\x00\x30\x0e\x00\x30\x06\x00\x30\x06\x00\x30\x07'\
b'\x00\x30\x07\x00\x30\x07\x00\x30\x07\x00\x30\x06\x00\x30\x06\x00'\
b'\x30\x0e\x00\x30\x3c\x00\x3f\xf8\x00\x3f\xe0\x00\x00\x00\x00\x00'\
b'\x00\x00\x00\x00\x00\x00\x00\x00\x00\x00\x00\x00\x00\x00\x00\x00'\
b'\x0e\x00\x00\x00\x00\x00\x00\x00\x00\x00\x00\x00\x00\x00\x3f\xf0'\
b'\x3f\xf0\x30\x00\x30\x00\x30\x00\x30\x00\x30\x00\x3f\xf0\x3f\xf0'\
b'\x30\x00\x30\x00\x30\x00\x30\x00\x30\x00\x3f\xf8\x3f\xf8\x00\x00'\
b'\x00\x00\x00\x00\x00\x00\x00\x00\x0d\x00\x00\x00\x00\x00\x00\x00'\
b'\x00\x00\x00\x00\x00\x00\x3f\xe0\x3f\xe0\x30\x00\x30\x00\x30\x00'\
b'\x30\x00\x30\x00\x3f\xe0\x3f\xe0\x30\x00\x30\x00\x30\x00\x30\x00'\
b'\x30\x00\x30\x00\x30\x00\x00\x00\x00\x00\x00\x00\x00\x00\x00\x00'\
b'\x11\x00\x00\x00\x00\x00\x00\x00\x00\x00\x00\x00\x00\x00\x00\x00'\
b'\x00\x00\x00\x00\x03\xf0\x00\x0f\xfc\x00\x1e\x0e\x00\x38\x02\x00'\
b'\x30\x00\x00\x30\x00\x00\x70\x00\x00\x70\x3e\x00\x70\x3e\x00\x70'\
b'\x06\x00\x30\x06\x00\x30\x06\x00\x38\x06\x00\x1e\x0e\x00\x0f\xfe'\
b'\x00\x03\xf0\x00\x00\x00\x00\x00\x00\x00\x00\x00\x00\x00\x00\x00'\
b'\x00\x00\x00\x00\x00\x00\x00\x00\x11\x00\x00\x00\x00\x00\x00\x00'\
b'\x00\x00\x00\x00\x00\x00\x00\x00\x00\x00\x00\x00\x30\x0c\x00\x30'\
b'\x0c\x00\x30\x0c\x00\x30\x0c\x00\x30\x0c\x00\x30\x0c\x00\x30\x0c'\
b'\x00\x3f\xfc\x00\x3f\xfc\x00\x30\x0c\x00\x30\x0c\x00\x30\x0c\x00'\
b'\x30\x0c\x00\x30\x0c\x00\x30\x0c\x00\x30\x0c\x00\x00\x00\x00\x00'\
b'\x00\x00\x00\x00\x00\x00\x00\x00\x00\x00\x00\x00\x00\x00\x00\x00'\
b'\x06\x00\x00\x00\x00\x00\x00\x00\x30\x30\x30\x30\x30\x30\x30\x30'\
b'\x30\x30\x30\x30\x30\x30\x30\x30\x00\x00\x00\x00\x00\x00\x00\x00'\
b'\x07\x00\x00\x00\x00\x00\x00\x00\x18\x18\x18\x18\x18\x18\x18\x18'\
b'\x18\x18\x18\x18\x18\x18\x18\x18\x18\x38\xf0\xe0\x00\x00\x00\x00'\
b'\x0e\x00\x00\x00\x00\x00\x00\x00\x00\x00\x00\x00\x00\x00\x30\x1c'\
b'\x30\x38\x30\x70\x30\xe0\x31\xc0\x33\x00\x36\x00\x3c\x00\x36\x00'\
b'\x33\x00\x31\x80\x30\xc0\x30\x60\x30\x30\x30\x18\x30\x0c\x00\x00'\
b'\x00\x00\x00\x00\x00\x00\x00\x00\x0c\x00\x00\x00\x00\x00\x00\x00'\
b'\x00\x00\x00\x00\x00\x00\x30\x00\x30\x00\x30\x00\x30\x00\x30\x00'\
b'\x30\x00\x30\x00\x30\x00\x30\x00\x30\x00\x30\x00\x30\x00\x30\x00'\
b'\x30\x00\x3f\xf0\x3f\xf0\x00\x00\x00\x00\x00\x00\x00\x00\x00\x00'\
b'\x13\x00\x00\x00\x00\x00\x00\x00\x00\x00\x00\x00\x00\x00\x00\x00'\
b'\x00\x00\x00\x00\x3c\x07\x80\x3c\x07\x80\x3c\x07\x80\x36\x0d\x80'\
b'\x36\x0d\x80\x32\x09\x80\x33\x19\x80\x33\x19\x80\x31\xb1\x80\x31'\
b'\xb1\x80\x31\xb1\x80\x30\xe1\x80\x30\xe1\x80\x30\x01\x80\x30\x01'\
b'\x80\x30\x01\x80\x00\x00\x00\x00\x00\x00\x00\x00\x00\x00\x00\x00'\
b'\x00\x00\x00\x00\x00\x00\x00\x00\x10\x00\x00\x00\x00\x00\x00\x00'\
b'\x00\x00\x00\x00\x00\x00\x38\x0c\x3c\x0c\x3c\x0c\x36\x0c\x36\x0c'\
b'\x33\x0c\x33\x8c\x31\x8c\x31\xcc\x30\xcc\x30\xec\x30\x6c\x30\x3c'\
b'\x30\x3c\x30\x1c\x30\x1c\x00\x00\x00\x00\x00\x00\x00\x00\x00\x00'\
b'\x11\x00\x00\x00\x00\x00\x00\x00\x00\x00\x00\x00\x00\x00\x00\x00'\
b'\x00\x00\x00\x00\x03\xf0\x00\x0f\xf8\x00\x1c\x1c\x00\x38\x0e\x00'\
b'\x30\x06\x00\x30\x07\x00\x70\x03\x00\x70\x03\x00\x70\x03\x00\x70'\
b'\x03\x00\x30\x07\x00\x30\x06\x00\x38\x0e\x00\x1c\x1c\x00\x0f\xf8'\
b'\x00\x03\xf0\x00\x00\x00\x00\x00\x00\x00\x00\x00\x00\x00\x00\x00'\
b'\x00\x00\x00\x00\x00\x00\x00\x00\x0d\x00\x00\x00\x00\x00\x00\x00'\
b'\x00\x00\x00\x00\x00\x00\x3f\xc0\x3f\xe0\x30\x70\x30\x30\x30\x38'\
b'\x30\x38\x30\x30\x30\x70\x3f\xe0\x3f\xc0\x30\x00\x30\x00\x30\x00'\
b'\x30\x00\x30\x00\x30\x00\x00\x00\x00\x00\x00\x00\x00\x00\x00\x00'\
b'\x11\x00\x00\x00\x00\x00\x00\x00\x00\x00\x00\x00\x00\x00\x00\x00'\
b'\x00\x00\x00\x00\x03\xf0\x00\x0f\xf8\x00\x1c\x1c\x00\x38\x0e\x00'\
b'\x30\x07\x00\x30\x07\x00\x70\x03\x00\x70\x03\x00\x70\x03\x00\x70'\
b'\x03\x00\x30\x07\x00\x30\x06\x00\x38\x0e\x00\x1c\x1c\x00\x0f\xf8'\
b'\x00\x03\xf0\x00\x00\x38\x00\x00\x18\x00\x00\x0c\x00\x00\x00\x00'\
b'\x00\x00\x00\x00\x00\x00\x00\x00\x0f\x00\x00\x00\x00\x00\x00\x00'\
b'\x00\x00\x00\x00\x00\x00\x3f\xc0\x3f\xf0\x30\x70\x30\x30\x30\x38'\
b'\x30\x30\x30\x70\x3f\xe0\x3f\xc0\x30\x60\x30\x30\x30\x30\x30\x18'\
b'\x30\x18\x30\x0c\x30\x0c\x00\x00\x00\x00\x00\x00\x00\x00\x00\x00'\
b'\x0e\x00\x00\x00\x00\x00\x00\x00\x00\x00\x00\x00\x00\x00\x0f\xc0'\
b'\x1f\xf0\x38\x30\x30\x00\x70\x00\x30\x00\x38\x00\x1f\xc0\x07\xf0'\
b'\x00\x70\x00\x38\x00\x38\x00\x38\x20\x70\x3f\xf0\x1f\xc0\x00\x00'\
b'\x00\x00\x00\x00\x00\x00\x00\x00\x0e\x00\x00\x00\x00\x00\x00\x00'\
b'\x00\x00\x00\x00\x00\x00\xff\xfc\xff\xfc\x03\x00\x03\x00\x03\x00'\
b'\x03\x00\x03\x00\x03\x00\x03\x00\x03\x00\x03\x00\x03\x00\x03\x00'\
b'\x03\x00\x03\x00\x03\x00\x00\x00\x00\x00\x00\x00\x00\x00\x00\x00'\
b'\x10\x00\x00\x00\x00\x00\x00\x00\x00\x00\x00\x00\x00\x00\x30\x0c'\
b'\x30\x0c\x30\x0c\x30\x0c\x30\x0c\x30\x0c\x30\x0c\x30\x0c\x30\x0c'\
b'\x30\x0c\x30\x0c\x30\x0c\x38\x1c\x1c\x38\x0f\xf8\x07\xe0\x00\x00'\
b'\x00\x00\x00\x00\x00\x00\x00\x00\x0f\x00\x00\x00\x00\x00\x00\x00'\
b'\x00\x00\x00\x00\x00\x00\xe0\x0e\x60\x0c\x60\x0c\x30\x1c\x30\x18'\
b'\x38\x18\x18\x30\x18\x30\x1c\x70\x0c\x60\x0c\x60\x06\xc0\x06\xc0'\
b'\x07\xc0\x03\x80\x03\x80\x00\x00\x00\x00\x00\x00\x00\x00\x00\x00'\
b'\x16\x00\x00\x00\x00\x00\x00\x00\x00\x00\x00\x00\x00\x00\x00\x00'\
b'\x00\x00\x00\x00\x60\x30\x18\x60\x70\x38\x70\x78\x30\x30\x78\x30'\
b'\x30\x58\x30\x30\xc8\x70\x38\xcc\x60\x18\xcc\x60\x18\x8c\x60\x19'\
b'\x84\xe0\x1d\x86\xc0\x0d\x86\xc0\x0d\x06\xc0\x0f\x03\xc0\x0f\x03'\
b'\x80\x07\x03\x80\x00\x00\x00\x00\x00\x00\x00\x00\x00\x00\x00\x00'\
b'\x00\x00\x00\x00\x00\x00\x00\x00\x0f\x00\x00\x00\x00\x00\x00\x00'\
b'\x00\x00\x00\x00\x00\x00\x30\x1c\x38\x18\x18\x30\x0c\x70\x0e\x60'\
b'\x06\xc0\x03\xc0\x03\x80\x03\x80\x06\xc0\x0e\xe0\x0c\x60\x18\x30'\
b'\x38\x38\x30\x18\x60\x0c\x00\x00\x00\x00\x00\x00\x00\x00\x00\x00'\
b'\x0d\x00\x00\x00\x00\x00\x00\x00\x00\x00\x00\x00\x00\x00\xe0\x18'\
b'\x60\x30\x30\x70\x38\x60\x18\xc0\x0d\xc0\x0f\x80\x07\x00\x03\x00'\
b'\x03\x00\x03\x00\x03\x00\x03\x00\x03\x00\x03\x00\x03\x00\x00\x00'\
b'\x00\x00\x00\x00\x00\x00\x00\x00\x0f\x00\x00\x00\x00\x00\x00\x00'\
b'\x00\x00\x00\x00\x00\x00\x7f\xfc\x7f\xfc\x00\x18\x00\x30\x00\x60'\
b'\x00\xe0\x01\xc0\x01\x80\x03\x00\x06\x00\x0e\x00\x1c\x00\x18\x00'\
b'\x30\x00\x7f\xfc\x7f\xfc\x00\x00\x00\x00\x00\x00\x00\x00\x00\x00'\
b'\x09\x00\x00\x00\x00\x00\x00\x00\x00\x00\x00\x00\x3c\x00\x3c\x00'\
b'\x30\x00\x30\x00\x30\x00\x30\x00\x30\x00\x30\x00\x30\x00\x30\x00'\
b'\x30\x00\x30\x00\x30\x00\x30\x00\x30\x00\x30\x00\x30\x00\x30\x00'\
b'\x3c\x00\x3c\x00\x00\x00\x00\x00\x07\x00\x00\x00\x00\x00\x00\x00'\
b'\xc0\xc0\x60\x60\x60\x30\x30\x30\x10\x18\x18\x08\x0c\x0c\x04\x06'\
b'\x06\x06\x00\x00\x00\x00\x00\x00\x09\x00\x00\x00\x00\x00\x00\x00'\
b'\x00\x00\x00\x00\x3e\x00\x3e\x00\x06\x00\x06\x00\x06\x00\x06\x00'\
b'\x06\x00\x06\x00\x06\x00\x06\x00\x06\x00\x06\x00\x06\x00\x06\x00'\
b'\x06\x00\x06\x00\x06\x00\x06\x00\x3e\x00\x3e\x00\x00\x00\x00\x00'\
b'\x12\x00\x00\x00\x00\x00\x00\x00\x00\x00\x00\x00\x00\x00\x00\x00'\
b'\x00\x00\x00\x00\x00\xe0\x00\x01\xf0\x00\x03\x38\x00\x06\x1c\x00'\
b'\x0c\x0e\x00\x18\x07\x00\x00\x00\x00\x00\x00\x00\x00\x00\x00\x00'\
b'\x00\x00\x00\x00\x00\x00\x00\x00\x00\x00\x00\x00\x00\x00\x00\x00'\
b'\x00\x00\x00\x00\x00\x00\x00\x00\x00\x00\x00\x00\x00\x00\x00\x00'\
b'\x00\x00\x00\x00\x00\x00\x00\x00\x0b\x00\x00\x00\x00\x00\x00\x00'\
b'\x00\x00\x00\x00\x00\x00\x00\x00\x00\x00\x00\x00\x00\x00\x00\x00'\
b'\x00\x00\x00\x00\x00\x00\x00\x00\x00\x00\x00\x00\x00\x00\x00\x00'\
b'\x00\x00\x00\x00\x00\x00\xff\xe0\xff\xe0\x00\x00\x00\x00\x00\x00'\
b'\x0b\x00\x00\x00\x00\x00\x00\x00\x00\x00\x30\x00\x18\x00\x0c\x00'\
b'\x06\x00\x00\x00\x00\x00\x00\x00\x00\x00\x00\x00\x00\x00\x00\x00'\
b'\x00\x00\x00\x00\x00\x00\x00\x00\x00\x00\x00\x00\x00\x00\x00\x00'\
b'\x00\x00\x00\x00\x00\x00\x00\x00\x0d\x00\x00\x00\x00\x00\x00\x00'\
b'\x00\x00\x00\x00\x00\x00\x00\x00\x00\x00\x00\x00\x00\x00\x1f\x80'\
b'\x3f\xc0\x20\x60\x00\x60\x0f\xe0\x3f\xe0\x30\x60\x60\x60\x60\x60'\
b'\x30\xe0\x3f\xe0\x1f\x60\x00\x00\x00\x00\x00\x00\x00\x00\x00\x00'\
b'\x0e\x00\x00\x00\x00\x00\x00\x00\x00\x00\x00\x00\x30\x00\x30\x00'\
b'\x30\x00\x30\x00\x30\x00\x33\xc0\x3f\xe0\x3c\x70\x38\x30\x30\x18'\
b'\x30\x18\x30\x18\x30\x18\x38\x30\x3c\x70\x3f\xe0\x33\xc0\x00\x00'\
b'\x00\x00\x00\x00\x00\x00\x00\x00\x0c\x00\x00\x00\x00\x00\x00\x00'\
b'\x00\x00\x00\x00\x00\x00\x00\x00\x00\x00\x00\x00\x00\x00\x0f\xc0'\
b'\x1f\xe0\x38\x20\x30\x00\x70\x00\x60\x00\x60\x00\x70\x00\x30\x00'\
b'\x38\x20\x1f\xe0\x0f\xc0\x00\x00\x00\x00\x00\x00\x00\x00\x00\x00'\
b'\x0e\x00\x00\x00\x00\x00\x00\x00\x00\x00\x00\x00\x00\x30\x00\x30'\
b'\x00\x30\x00\x30\x00\x30\x0f\x30\x1f\xf0\x38\xf0\x30\x70\x60\x30'\
b'\x60\x30\x60\x30\x60\x30\x30\x70\x38\xf0\x1f\xf0\x0f\x30\x00\x00'\
b'\x00\x00\x00\x00\x00\x00\x00\x00\x0e\x00\x00\x00\x00\x00\x00\x00'\
b'\x00\x00\x00\x00\x00\x00\x00\x00\x00\x00\x00\x00\x00\x00\x0f\xc0'\
b'\x1f\xe0\x38\x70\x30\x30\x60\x30\x7f\xf0\x7f\xf0\x60\x00\x30\x00'\
b'\x38\x10\x1f\xf0\x07\xe0\x00\x00\x00\x00\x00\x00\x00\x00\x00\x00'\
b'\x08\x00\x00\x00\x00\x00\x00\x0f\x1f\x18\x30\x30\xff\xff\x30\x30'\
b'\x30\x30\x30\x30\x30\x30\x30\x30\x00\x00\x00\x00\x00\x00\x00\x00'\
b'\x0e\x00\x00\x00\x00\x00\x00\x00\x00\x00\x00\x00\x00\x00\x00\x00'\
b'\x00\x00\x00\x00\x00\x00\x0f\x30\x1f\xf0\x38\xf0\x30\x70\x60\x30'\
b'\x60\x30\x60\x30\x60\x30\x30\x70\x38\xf0\x1f\xf0\x0f\x30\x00\x30'\
b'\x00\x70\x10\xe0\x1f\xc0\x0f\x80\x0e\x00\x00\x00\x00\x00\x00\x00'\
b'\x00\x00\x00\x00\x30\x00\x30\x00\x30\x00\x30\x00\x30\x00\x33\xc0'\
b'\x3f\xe0\x38\x70\x30\x30\x30\x30\x30\x30\x30\x30\x30\x30\x30\x30'\
b'\x30\x30\x30\x30\x30\x30\x00\x00\x00\x00\x00\x00\x00\x00\x00\x00'\
b'\x06\x00\x00\x00\x00\x00\x00\x30\x30\x30\x00\x00\x30\x30\x30\x30'\
b'\x30\x30\x30\x30\x30\x30\x30\x30\x00\x00\x00\x00\x00\x00\x00\x00'\
b'\x06\x00\x00\x00\x00\x00\x00\x30\x30\x30\x00\x00\x30\x30\x30\x30'\
b'\x30\x30\x30\x30\x30\x30\x30\x30\x30\x30\x30\xe0\xc0\x00\x00\x00'\
b'\x0d\x00\x00\x00\x00\x00\x00\x00\x00\x00\x00\x00\x30\x00\x30\x00'\
b'\x30\x00\x30\x00\x30\x00\x30\x70\x30\xe0\x31\xc0\x33\x00\x36\x00'\
b'\x3c\x00\x3e\x00\x37\x00\x33\x80\x31\xc0\x30\x60\x30\x30\x00\x00'\
b'\x00\x00\x00\x00\x00\x00\x00\x00\x06\x00\x00\x00\x00\x00\x00\x30'\
b'\x30\x30\x30\x30\x30\x30\x30\x30\x30\x30\x30\x30\x30\x30\x30\x30'\
b'\x00\x00\x00\x00\x00\x00\x00\x00\x15\x00\x00\x00\x00\x00\x00\x00'\
b'\x00\x00\x00\x00\x00\x00\x00\x00\x00\x00\x00\x00\x00\x00\x00\x00'\
b'\x00\x00\x00\x00\x00\x00\x00\x00\x33\xc7\xc0\x3f\xef\xe0\x38\x78'\
b'\x60\x30\x30\x60\x30\x30\x30\x30\x30\x30\x30\x30\x30\x30\x30\x30'\
b'\x30\x30\x30\x30\x30\x30\x30\x30\x30\x30\x30\x30\x00\x00\x00\x00'\
b'\x00\x00\x00\x00\x00\x00\x00\x00\x00\x00\x00\x00\x00\x00\x00\x00'\
b'\x0e\x00\x00\x00\x00\x00\x00\x00\x00\x00\x00\x00\x00\x00\x00\x00'\
b'\x00\x00\x00\x00\x00\x00\x33\xc0\x3f\xe0\x38\x70\x30\x30\x30\x30'\
b'\x30\x30\x30\x30\x30\x30\x30\x30\x30\x30\x30\x30\x30\x30\x00\x00'\
b'\x00\x00\x00\x00\x00\x00\x00\x00\x0d\x00\x00\x00\x00\x00\x00\x00'\
b'\x00\x00\x00\x00\x00\x00\x00\x00\x00\x00\x00\x00\x00\x00\x0f\x80'\
b'\x1f\xe0\x38\x60\x30\x30\x60\x30\x60\x30\x60\x30\x60\x30\x30\x30'\
b'\x38\x60\x1f\xe0\x0f\x80\x00\x00\x00\x00\x00\x00\x00\x00\x00\x00'\
b'\x0e\x00\x00\x00\x00\x00\x00\x00\x00\x00\x00\x00\x00\x00\x00\x00'\
b'\x00\x00\x00\x00\x00\x00\x33\xc0\x3f\xe0\x3c\x70\x38\x30\x30\x18'\
b'\x30\x18\x30\x18\x30\x18\x38\x30\x3c\x70\x3f\xe0\x33\xc0\x30\x00'\
b'\x30\x00\x30\x00\x30\x00\x30\x00\x0e\x00\x00\x00\x00\x00\x00\x00'\
b'\x00\x00\x00\x00\x00\x00\x00\x00\x00\x00\x00\x00\x00\x00\x0f\x30'\
b'\x1f\xf0\x38\xf0\x30\x70\x60\x30\x60\x30\x60\x30\x60\x30\x30\x70'\
b'\x38\xf0\x1f\xf0\x0f\x30\x00\x30\x00\x30\x00\x30\x00\x30\x00\x30'\
b'\x09\x00\x00\x00\x00\x00\x00\x00\x00\x00\x00\x00\x00\x00\x00\x00'\
b'\x00\x00\x00\x00\x00\x00\x33\x80\x3f\x80\x38\x00\x30\x00\x30\x00'\
b'\x30\x00\x30\x00\x30\x00\x30\x00\x30\x00\x30\x00\x30\x00\x00\x00'\
b'\x00\x00\x00\x00\x00\x00\x00\x00\x0b\x00\x00\x00\x00\x00\x00\x00'\
b'\x00\x00\x00\x00\x00\x00\x00\x00\x00\x00\x00\x00\x00\x00\x1f\x80'\
b'\x3f\xc0\x70\x40\x60\x00\x70\x00\x3e\x00\x0f\x80\x00\xc0\x00\xc0'\
b'\x40\xc0\x7f\xc0\x1f\x00\x00\x00\x00\x00\x00\x00\x00\x00\x00\x00'\
b'\x09\x00\x00\x00\x00\x00\x00\x00\x00\x00\x00\x00\x00\x00\x00\x00'\
b'\x30\x00\x30\x00\x30\x00\x7f\x00\x7f\x00\x30\x00\x30\x00\x30\x00'\
b'\x30\x00\x30\x00\x30\x00\x30\x00\x30\x00\x3f\x00\x1f\x00\x00\x00'\
b'\x00\x00\x00\x00\x00\x00\x00\x00\x0e\x00\x00\x00\x00\x00\x00\x00'\
b'\x00\x00\x00\x00\x00\x00\x00\x00\x00\x00\x00\x00\x00\x00\x30\x30'\
b'\x30\x30\x30\x30\x30\x30\x30\x30\x30\x30\x30\x30\x30\x30\x30\x30'\
b'\x38\x70\x1f\xf0\x0f\x30\x00\x00\x00\x00\x00\x00\x00\x00\x00\x00'\
b'\x0d\x00\x00\x00\x00\x00\x00\x00\x00\x00\x00\x00\x00\x00\x00\x00'\
b'\x00\x00\x00\x00\x00\x00\x60\x30\x60\x30\x30\x60\x30\x60\x30\x60'\
b'\x18\xc0\x18\xc0\x1d\xc0\x0d\x80\x0d\x80\x07\x00\x07\x00\x00\x00'\
b'\x00\x00\x00\x00\x00\x00\x00\x00\x12\x00\x00\x00\x00\x00\x00\x00'\
b'\x00\x00\x00\x00\x00\x00\x00\x00\x00\x00\x00\x00\x00\x00\x00\x00'\
b'\x00\x00\x00\x00\x00\x00\x00\x00\x60\xc1\x80\x61\xe1\x80\x31\xe3'\
b'\x00\x31\xe3\x00\x31\x23\x00\x33\x33\x00\x1b\x36\x00\x1b\x36\x00'\
b'\x1a\x16\x00\x1e\x1e\x00\x0e\x1c\x00\x0e\x1c\x00\x00\x00\x00\x00'\
b'\x00\x00\x00\x00\x00\x00\x00\x00\x00\x00\x00\x00\x00\x00\x00\x00'\
b'\x0d\x00\x00\x00\x00\x00\x00\x00\x00\x00\x00\x00\x00\x00\x00\x00'\
b'\x00\x00\x00\x00\x00\x00\x70\x70\x30\x60\x18\xc0\x0d\x80\x0f\x80'\
b'\x07\x00\x07\x00\x0d\x80\x1d\xc0\x38\xc0\x30\x60\x60\x30\x00\x00'\
b'\x00\x00\x00\x00\x00\x00\x00\x00\x0d\x00\x00\x00\x00\x00\x00\x00'\
b'\x00\x00\x00\x00\x00\x00\x00\x00\x00\x00\x00\x00\x00\x00\x60\x30'\
b'\x60\x30\x30\x60\x30\x60\x18\xe0\x18\xc0\x18\xc0\x0d\x80\x0d\x80'\
b'\x07\x80\x07\x00\x07\x00\x06\x00\x06\x00\x0e\x00\x3c\x00\x38\x00'\
b'\x0c\x00\x00\x00\x00\x00\x00\x00\x00\x00\x00\x00\x00\x00\x00\x00'\
b'\x00\x00\x00\x00\x00\x00\x7f\xe0\x7f\xe0\x00\xc0\x01\x80\x03\x00'\
b'\x06\x00\x0c\x00\x18\x00\x18\x00\x30\x00\x7f\xe0\x7f\xe0\x00\x00'\
b'\x00\x00\x00\x00\x00\x00\x00\x00\x0e\x00\x00\x00\x00\x00\x00\x00'\
b'\x00\x00\x00\x00\x01\xe0\x01\xe0\x03\x00\x03\x00\x03\x00\x03\x00'\
b'\x03\x00\x03\x00\x07\x00\x1e\x00\x1e\x00\x07\x00\x03\x00\x03\x00'\
b'\x03\x00\x03\x00\x03\x00\x03\x00\x01\xe0\x00\xe0\x00\x00\x00\x00'\
b'\x07\x00\x00\x00\x00\x00\x00\x18\x18\x18\x18\x18\x18\x18\x18\x18'\
b'\x18\x18\x18\x18\x18\x18\x18\x18\x18\x18\x18\x18\x18\x00\x00\x00'\
b'\x0e\x00\x00\x00\x00\x00\x00\x00\x00\x00\x00\x00\x1e\x00\x1e\x00'\
b'\x03\x00\x03\x00\x03\x00\x03\x00\x03\x00\x03\x00\x03\x80\x01\xe0'\
b'\x01\xe0\x03\x80\x03\x00\x03\x00\x03\x00\x03\x00\x03\x00\x03\x00'\
b'\x1e\x00\x1c\x00\x00\x00\x00\x00\x12\x00\x00\x00\x00\x00\x00\x00'\
b'\x00\x00\x00\x00\x00\x00\x00\x00\x00\x00\x00\x00\x00\x00\x00\x00'\
b'\x00\x00\x00\x00\x00\x00\x00\x00\x00\x00\x00\x00\x00\x00\x00\x00'\
b'\x00\x0f\x81\x00\x3f\xff\x00\x30\x7c\x00\x20\x00\x00\x00\x00\x00'\
b'\x00\x00\x00\x00\x00\x00\x00\x00\x00\x00\x00\x00\x00\x00\x00\x00'\
b'\x00\x00\x00\x00\x00\x00\x00\x00\x00\x00\x00\x00\x00\x00\x00\x00'\
b'\x09\x00\x00\x00\x00\x00\x00\x00\x00\x00\x00\x00\x00\x00\x00\x00'\
b'\x00\x00\x00\x00\x00\x00\x1c\x00\x1c\x00\x1c\x00\x00\x00\x00\x00'\
b'\x08\x00\x18\x00\x18\x00\x18\x00\x1c\x00\x1c\x00\x1c\x00\x1c\x00'\
b'\x1c\x00\x1c\x00\x1c\x00\x00\x00\x0e\x00\x00\x00\x00\x00\x00\x00'\
b'\x00\x00\x00\x00\x00\x00\x00\x00\x01\x00\x01\x00\x01\x00\x07\xc0'\
b'\x0f\xe0\x1d\x20\x39\x00\x31\x00\x31\x00\x31\x00\x31\x00\x39\x00'\
b'\x1d\x20\x0f\xe0\x07\xc0\x01\x00\x01\x00\x01\x00\x00\x00\x00\x00'\
b'\x0e\x00\x00\x00\x00\x00\x00\x00\x00\x00\x00\x00\x00\x00\x03\xe0'\
b'\x07\xf0\x0e\x10\x0c\x00\x0c\x00\x0c\x00\x0c\x00\x3f\xc0\x3f\xc0'\
b'\x0c\x00\x0c\x00\x0c\x00\x0c\x00\x0c\x00\x7f\xf0\x7f\xf0\x00\x00'\
b'\x00\x00\x00\x00\x00\x00\x00\x00\x0e\x00\x00\x00\x00\x00\x00\x00'\
b'\x00\x00\x00\x00\x00\x00\x00\x00\x00\x00\x00\x00\x00\x00\x20\x18'\
b'\x37\xb0\x1f\xf0\x18\x60\x10\x20\x30\x30\x10\x20\x18\x60\x1f\xf0'\
b'\x37\xb0\x20\x18\x00\x00\x00\x00\x00\x00\x00\x00\x00\x00\x00\x00'\
b'\x0e\x00\x00\x00\x00\x00\x00\x00\x00\x00\x00\x00\x00\x00\x60\x18'\
b'\x30\x30\x30\x30\x18\x60\x18\x60\x0c\xc0\x7c\xf8\x7f\xf8\x07\x80'\
b'\x03\x00\x7f\xf8\x7f\xf8\x03\x00\x03\x00\x03\x00\x03\x00\x00\x00'\
b'\x00\x00\x00\x00\x00\x00\x00\x00\x07\x00\x00\x00\x00\x00\x00\x00'\
b'\x00\x18\x18\x18\x18\x18\x18\x18\x18\x00\x00\x00\x18\x18\x18\x18'\
b'\x18\x18\x18\x18\x00\x00\x00\x00\x0b\x00\x00\x00\x00\x00\x00\x00'\
b'\x00\x00\x00\x00\x00\x00\x1f\x80\x3f\x80\x30\x00\x30\x00\x38\x00'\
b'\x1e\x00\x27\x00\x61\x80\x60\xc0\x60\xc0\x38\xc0\x1d\x80\x07\x00'\
b'\x01\x80\x01\x80\x01\x80\x3f\x80\x3f\x00\x00\x00\x00\x00\x00\x00'\
b'\x0b\x00\x00\x00\x00\x00\x00\x00\x00\x00\x00\x00\x31\x80\x31\x80'\
b'\x00\x00\x00\x00\x00\x00\x00\x00\x00\x00\x00\x00\x00\x00\x00\x00'\
b'\x00\x00\x00\x00\x00\x00\x00\x00\x00\x00\x00\x00\x00\x00\x00\x00'\
b'\x00\x00\x00\x00\x00\x00\x00\x00\x16\x00\x00\x00\x00\x00\x00\x00'\
b'\x00\x00\x00\x00\x00\x00\x00\x00\x00\x00\x00\x00\x00\xfc\x00\x03'\
b'\x03\x00\x06\x01\x80\x0c\x78\xc0\x09\xc4\x40\x19\x80\x60\x13\x00'\
b'\x20\x13\x00\x20\x13\x00\x20\x13\x00\x20\x19\x80\x60\x09\xc4\x40'\
b'\x0c\x78\xc0\x06\x01\x80\x03\x03\x00\x00\xfc\x00\x00\x00\x00\x00'\
b'\x00\x00\x00\x00\x00\x00\x00\x00\x00\x00\x00\x00\x00\x00\x00\x00'\
b'\x0a\x00\x00\x00\x00\x00\x00\x00\x00\x00\x00\x00\x00\x00\x1e\x00'\
b'\x21\x00\x01\x80\x1f\x80\x21\x80\x61\x80\x61\x80\x23\x80\x3d\x80'\
b'\x00\x00\x7f\x80\x00\x00\x00\x00\x00\x00\x00\x00\x00\x00\x00\x00'\
b'\x00\x00\x00\x00\x00\x00\x00\x00\x0d\x00\x00\x00\x00\x00\x00\x00'\
b'\x00\x00\x00\x00\x00\x00\x00\x00\x00\x00\x00\x00\x00\x00\x00\x00'\
b'\x02\x20\x06\x20\x0c\x60\x18\xc0\x33\x80\x33\x80\x18\xc0\x0c\x60'\
b'\x06\x20\x02\x20\x00\x00\x00\x00\x00\x00\x00\x00\x00\x00\x00\x00'\
b'\x12\x00\x00\x00\x00\x00\x00\x00\x00\x00\x00\x00\x00\x00\x00\x00'\
b'\x00\x00\x00\x00\x00\x00\x00\x00\x00\x00\x00\x00\x00\x00\x00\x00'\
b'\x00\x00\x00\x00\x00\x00\x00\x00\x00\x3f\xff\x00\x3f\xff\x00\x00'\
b'\x03\x00\x00\x03\x00\x00\x03\x00\x00\x03\x00\x00\x00\x00\x00\x00'\
b'\x00\x00\x00\x00\x00\x00\x00\x00\x00\x00\x00\x00\x00\x00\x00\x00'\
b'\x00\x00\x00\x00\x00\x00\x00\x00\x16\x00\x00\x00\x00\x00\x00\x00'\
b'\x00\x00\x00\x00\x00\x00\x00\x00\x00\x00\x00\x00\x00\xfc\x00\x03'\
b'\x03\x00\x06\x01\x80\x0c\xf8\xc0\x08\x84\x40\x18\x86\x60\x10\x84'\
b'\x20\x10\xf8\x20\x10\x98\x20\x10\x8c\x20\x18\x8c\x60\x08\x86\x40'\
b'\x0c\x86\xc0\x06\x01\x80\x03\x03\x00\x00\xfc\x00\x00\x00\x00\x00'\
b'\x00\x00\x00\x00\x00\x00\x00\x00\x00\x00\x00\x00\x00\x00\x00\x00'\
b'\x0b\x00\x00\x00\x00\x00\x00\x00\x00\x00\x00\x00\x00\x00\x3f\x80'\
b'\x3f\x80\x00\x00\x00\x00\x00\x00\x00\x00\x00\x00\x00\x00\x00\x00'\
b'\x00\x00\x00\x00\x00\x00\x00\x00\x00\x00\x00\x00\x00\x00\x00\x00'\
b'\x00\x00\x00\x00\x00\x00\x00\x00\x0b\x00\x00\x00\x00\x00\x00\x00'\
b'\x00\x00\x00\x00\x00\x00\x0e\x00\x11\x00\x31\x80\x20\x80\x31\x80'\
b'\x11\x00\x0e\x00\x00\x00\x00\x00\x00\x00\x00\x00\x00\x00\x00\x00'\
b'\x00\x00\x00\x00\x00\x00\x00\x00\x00\x00\x00\x00\x00\x00\x00\x00'\
b'\x12\x00\x00\x00\x00\x00\x00\x00\x00\x00\x00\x00\x00\x00\x00\x00'\
b'\x00\x00\x00\x00\x00\x00\x00\x00\x00\x00\x00\xc0\x00\x00\xc0\x00'\
b'\x00\xc0\x00\x00\xc0\x00\x3f\xff\x00\x3f\xff\x00\x00\xc0\x00\x00'\
b'\xc0\x00\x00\xc0\x00\x00\xc0\x00\x00\x00\x00\x00\x00\x00\x3f\xff'\
b'\x00\x3f\xff\x00\x00\x00\x00\x00\x00\x00\x00\x00\x00\x00\x00\x00'\
b'\x00\x00\x00\x00\x00\x00\x00\x00\x09\x00\x00\x00\x00\x00\x00\x00'\
b'\x00\x00\x00\x00\x00\x00\x3c\x00\x46\x00\x02\x00\x06\x00\x04\x00'\
b'\x0c\x00\x18\x00\x20\x00\x7e\x00\x00\x00\x00\x00\x00\x00\x00\x00'\
b'\x00\x00\x00\x00\x00\x00\x00\x00\x00\x00\x00\x00\x00\x00\x00\x00'\
b'\x09\x00\x00\x00\x00\x00\x00\x00\x00\x00\x00\x00\x00\x00\x7e\x00'\
b'\x02\x00\x02\x00\x1c\x00\x06\x00\x03\x00\x03\x00\x06\x00\x7c\x00'\
b'\x00\x00\x00\x00\x00\x00\x00\x00\x00\x00\x00\x00\x00\x00\x00\x00'\
b'\x00\x00\x00\x00\x00\x00\x00\x00\x0b\x00\x00\x00\x00\x00\x00\x00'\
b'\x00\x00\x01\x80\x03\x00\x06\x00\x0c\x00\x00\x00\x00\x00\x00\x00'\
b'\x00\x00\x00\x00\x00\x00\x00\x00\x00\x00\x00\x00\x00\x00\x00\x00'\
b'\x00\x00\x00\x00\x00\x00\x00\x00\x00\x00\x00\x00\x00\x00\x00\x00'\
b'\x0e\x00\x00\x00\x00\x00\x00\x00\x00\x00\x00\x00\x00\x00\x00\x00'\
b'\x00\x00\x00\x00\x00\x00\x30\x30\x30\x30\x30\x30\x30\x30\x30\x30'\
b'\x30\x30\x30\x30\x30\x30\x30\x30\x38\x70\x3f\xf8\x37\x98\x30\x00'\
b'\x30\x00\x30\x00\x30\x00\x30\x00\x0e\x00\x00\x00\x00\x00\x00\x00'\
b'\x00\x00\x00\x00\x00\x00\x0f\xf0\x1f\x30\x3f\x30\x3f\x30\x3f\x30'\
b'\x3f\x30\x3f\x30\x1f\x30\x07\x30\x01\x30\x01\x30\x01\x30\x01\x30'\
b'\x01\x30\x01\x30\x01\x30\x01\x30\x01\x30\x00\x00\x00\x00\x00\x00'\
b'\x07\x00\x00\x00\x00\x00\x00\x00\x00\x00\x00\x00\x00\x00\x00\x38'\
b'\x38\x38\x00\x00\x00\x00\x00\x00\x00\x00\x00\x00\x00\x00\x00\x00'\
b'\x0b\x00\x00\x00\x00\x00\x00\x00\x00\x00\x00\x00\x00\x00\x00\x00'\
b'\x00\x00\x00\x00\x00\x00\x00\x00\x00\x00\x00\x00\x00\x00\x00\x00'\
b'\x00\x00\x00\x00\x00\x00\x00\x00\x00\x00\x00\x00\x00\x00\x02\x00'\
b'\x02\x00\x1f\x00\x1e\x00\x00\x00\x09\x00\x00\x00\x00\x00\x00\x00'\
b'\x00\x00\x00\x00\x00\x00\x78\x00\x08\x00\x08\x00\x08\x00\x08\x00'\
b'\x08\x00\x08\x00\x08\x00\x3f\x00\x00\x00\x00\x00\x00\x00\x00\x00'\
b'\x00\x00\x00\x00\x00\x00\x00\x00\x00\x00\x00\x00\x00\x00\x00\x00'\
b'\x0a\x00\x00\x00\x00\x00\x00\x00\x00\x00\x00\x00\x00\x00\x1e\x00'\
b'\x31\x00\x61\x80\x60\x80\x60\x80\x60\x80\x61\x80\x31\x00\x1e\x00'\
b'\x00\x00\x7f\x80\x00\x00\x00\x00\x00\x00\x00\x00\x00\x00\x00\x00'\
b'\x00\x00\x00\x00\x00\x00\x00\x00\x0d\x00\x00\x00\x00\x00\x00\x00'\
b'\x00\x00\x00\x00\x00\x00\x00\x00\x00\x00\x00\x00\x00\x00\x00\x00'\
b'\x22\x00\x31\x00\x19\xc0\x0c\xe0\x06\x70\x06\x70\x0c\xe0\x19\xc0'\
b'\x31\x00\x22\x00\x00\x00\x00\x00\x00\x00\x00\x00\x00\x00\x00\x00'\
b'\x15\x00\x00\x00\x00\x00\x00\x00\x00\x00\x00\x00\x00\x00\x00\x00'\
b'\x00\x00\x00\x00\x78\x03\x00\x08\x03\x00\x08\x06\x00\x08\x04\x00'\
b'\x08\x0c\x00\x08\x18\x00\x08\x10\x00\x08\x30\x60\x3f\x60\xe0\x00'\
b'\x60\xa0\x00\xc1\x20\x00\x82\x20\x01\x86\x20\x03\x07\xf8\x02\x00'\
b'\x20\x06\x00\x20\x00\x00\x00\x00\x00\x00\x00\x00\x00\x00\x00\x00'\
b'\x00\x00\x00\x00\x00\x00\x00\x00\x15\x00\x00\x00\x00\x00\x00\x00'\
b'\x00\x00\x00\x00\x00\x00\x00\x00\x00\x00\x00\x00\x78\x03\x00\x08'\
b'\x03\x00\x08\x06\x00\x08\x04\x00\x08\x0c\x00\x08\x18\x00\x08\x10'\
b'\x00\x08\x31\xe0\x3f\x66\x30\x00\x60\x30\x00\xc0\x30\x00\x80\x60'\
b'\x01\x80\xc0\x03\x01\x80\x02\x03\x00\x06\x03\xf0\x00\x00\x00\x00'\
b'\x00\x00\x00\x00\x00\x00\x00\x00\x00\x00\x00\x00\x00\x00\x00\x00'\
b'\x15\x00\x00\x00\x00\x00\x00\x00\x00\x00\x00\x00\x00\x00\x00\x00'\
b'\x00\x00\x00\x00\x7e\x03\x00\x02\x03\x00\x02\x06\x00\x1c\x04\x00'\
b'\x06\x0c\x00\x03\x18\x00\x03\x10\x00\x06\x30\x60\x7c\x60\xe0\x00'\
b'\x60\xa0\x00\xc1\x20\x00\x82\x20\x01\x86\x20\x03\x07\xf8\x02\x00'\
b'\x20\x06\x00\x20\x00\x00\x00\x00\x00\x00\x00\x00\x00\x00\x00\x00'\
b'\x00\x00\x00\x00\x00\x00\x00\x00\x0c\x00\x00\x00\x00\x00\x00\x00'\
b'\x00\x00\x00\x00\x00\x00\x00\x00\x00\x00\x00\x00\x00\x00\x06\x00'\
b'\x06\x00\x06\x00\x00\x00\x00\x00\x06\x00\x06\x00\x06\x00\x06\x00'\
b'\x0c\x00\x1c\x00\x38\x00\x30\x00\x30\x00\x30\x40\x3f\xc0\x0f\x80'\
b'\x0f\x00\x00\x00\x06\x00\x03\x00\x01\x80\x00\x00\x00\x00\x03\x80'\
b'\x03\x80\x06\xc0\x06\xc0\x06\xc0\x0c\x60\x0c\x60\x1c\x30\x18\x30'\
b'\x18\x30\x3f\xf8\x3f\xf8\x30\x1c\x60\x0c\x60\x0c\xe0\x0e\x00\x00'\
b'\x00\x00\x00\x00\x00\x00\x00\x00\x0f\x00\x00\x00\x00\xc0\x01\x80'\
b'\x03\x00\x00\x00\x00\x00\x03\x80\x03\x80\x06\xc0\x06\xc0\x06\xc0'\
b'\x0c\x60\x0c\x60\x1c\x30\x18\x30\x18\x30\x3f\xf8\x3f\xf8\x30\x1c'\
b'\x60\x0c\x60\x0c\xe0\x0e\x00\x00\x00\x00\x00\x00\x00\x00\x00\x00'\
b'\x0f\x00\x00\x00\x03\x80\x06\xc0\x04\x40\x00\x00\x00\x00\x03\x80'\
b'\x03\x80\x06\xc0\x06\xc0\x06\xc0\x0c\x60\x0c\x60\x1c\x30\x18\x30'\
b'\x18\x30\x3f\xf8\x3f\xf8\x30\x1c\x60\x0c\x60\x0c\xe0\x0e\x00\x00'\
b'\x00\x00\x00\x00\x00\x00\x00\x00\x0f\x00\x00\x00\x00\x00\x07\x20'\
b'\x09\xc0\x00\x00\x00\x00\x03\x80\x03\x80\x06\xc0\x06\xc0\x06\xc0'\
b'\x0c\x60\x0c\x60\x1c\x30\x18\x30\x18\x30\x3f\xf8\x3f\xf8\x30\x1c'\
b'\x60\x0c\x60\x0c\xe0\x0e\x00\x00\x00\x00\x00\x00\x00\x00\x00\x00'\
b'\x0f\x00\x00\x00\x00\x00\x0e\x60\x0e\x60\x00\x00\x00\x00\x03\x80'\
b'\x03\x80\x06\xc0\x06\xc0\x06\xc0\x0c\x60\x0c\x60\x1c\x30\x18\x30'\
b'\x18\x30\x3f\xf8\x3f\xf8\x30\x1c\x60\x0c\x60\x0c\xe0\x0e\x00\x00'\
b'\x00\x00\x00\x00\x00\x00\x00\x00\x0f\x00\x00\x00\x03\x80\x04\x40'\
b'\x04\x40\x04\x40\x04\x40\x07\xc0\x03\x80\x06\xc0\x06\xc0\x06\xe0'\
b'\x0c\x60\x0c\x60\x1c\x30\x18\x30\x18\x30\x3f\xf8\x3f\xf8\x70\x1c'\
b'\x60\x0c\x60\x0c\xe0\x0e\x00\x00\x00\x00\x00\x00\x00\x00\x00\x00'\
b'\x15\x00\x00\x00\x00\x00\x00\x00\x00\x00\x00\x00\x00\x00\x00\x00'\
b'\x00\x00\x00\x00\x01\xff\xf0\x03\xff\xf0\x03\x30\x00\x07\x30\x00'\
b'\x06\x30\x00\x0e\x30\x00\x0c\x30\x00\x0c\x3f\xf0\x18\x3f\xf0\x18'\
b'\x30\x00\x3f\xf0\x00\x3f\xf0\x00\x30\x30\x00\x60\x30\x00\x60\x3f'\
b'\xf0\xc0\x3f\xf0\x00\x00\x00\x00\x00\x00\x00\x00\x00\x00\x00\x00'\
b'\x00\x00\x00\x00\x00\x00\x00\x00\x0f\x00\x00\x00\x00\x00\x00\x00'\
b'\x00\x00\x00\x00\x00\x00\x03\xf0\x0f\xfc\x1c\x0c\x38\x04\x30\x00'\
b'\x30\x00\x70\x00\x70\x00\x70\x00\x70\x00\x30\x00\x30\x00\x38\x04'\
b'\x1c\x0c\x0f\xfc\x03\xf0\x00\x40\x00\x60\x03\xe0\x03\xc0\x00\x00'\
b'\x0e\x00\x00\x00\x06\x00\x03\x00\x01\x00\x00\x00\x00\x00\x3f\xf0'\
b'\x3f\xf0\x30\x00\x30\x00\x30\x00\x30\x00\x30\x00\x3f\xf0\x3f\xf0'\
b'\x30\x00\x30\x00\x30\x00\x30\x00\x30\x00\x3f\xf8\x3f\xf8\x00\x00'\
b'\x00\x00\x00\x00\x00\x00\x00\x00\x0e\x00\x00\x00\x01\x80\x01\x80'\
b'\x03\x00\x00\x00\x00\x00\x3f\xf0\x3f\xf0\x30\x00\x30\x00\x30\x00'\
b'\x30\x00\x30\x00\x3f\xf0\x3f\xf0\x30\x00\x30\x00\x30\x00\x30\x00'\
b'\x30\x00\x3f\xf8\x3f\xf8\x00\x00\x00\x00\x00\x00\x00\x00\x00\x00'\
b'\x0e\x00\x00\x00\x03\x80\x06\x80\x0c\x40\x00\x00\x00\x00\x3f\xf0'\
b'\x3f\xf0\x30\x00\x30\x00\x30\x00\x30\x00\x30\x00\x3f\xf0\x3f\xf0'\
b'\x30\x00\x30\x00\x30\x00\x30\x00\x30\x00\x3f\xf8\x3f\xf8\x00\x00'\
b'\x00\x00\x00\x00\x00\x00\x00\x00\x0e\x00\x00\x00\x00\x00\x0c\xc0'\
b'\x0c\xc0\x00\x00\x00\x00\x3f\xf0\x3f\xf0\x30\x00\x30\x00\x30\x00'\
b'\x30\x00\x30\x00\x3f\xf0\x3f\xf0\x30\x00\x30\x00\x30\x00\x30\x00'\
b'\x30\x00\x3f\xf8\x3f\xf8\x00\x00\x00\x00\x00\x00\x00\x00\x00\x00'\
b'\x06\x00\x00\x60\x30\x10\x00\x00\x30\x30\x30\x30\x30\x30\x30\x30'\
b'\x30\x30\x30\x30\x30\x30\x30\x30\x00\x00\x00\x00\x00\x00\x00\x00'\
b'\x06\x00\x00\x18\x18\x30\x00\x00\x30\x30\x30\x30\x30\x30\x30\x30'\
b'\x30\x30\x30\x30\x30\x30\x30\x30\x00\x00\x00\x00\x00\x00\x00\x00'\
b'\x06\x00\x00\x38\x68\xc4\x00\x00\x30\x30\x30\x30\x30\x30\x30\x30'\
b'\x30\x30\x30\x30\x30\x30\x30\x30\x00\x00\x00\x00\x00\x00\x00\x00'\
b'\x06\x00\x00\x00\xcc\xcc\x00\x00\x30\x30\x30\x30\x30\x30\x30\x30'\
b'\x30\x30\x30\x30\x30\x30\x30\x30\x00\x00\x00\x00\x00\x00\x00\x00'\
b'\x11\x00\x00\x00\x00\x00\x00\x00\x00\x00\x00\x00\x00\x00\x00\x00'\
b'\x00\x00\x00\x00\x3f\xe0\x00\x3f\xf8\x00\x30\x3c\x00\x30\x0e\x00'\
b'\x30\x06\x00\x30\x07\x00\x30\x07\x00\xff\x07\x00\xff\x07\x00\x30'\
b'\x07\x00\x30\x07\x00\x30\x06\x00\x30\x0e\x00\x30\x3c\x00\x3f\xf8'\
b'\x00\x3f\xe0\x00\x00\x00\x00\x00\x00\x00\x00\x00\x00\x00\x00\x00'\
b'\x00\x00\x00\x00\x00\x00\x00\x00\x10\x00\x00\x00\x00\x00\x07\x30'\
b'\x04\xe0\x00\x00\x00\x00\x38\x0c\x3c\x0c\x3c\x0c\x36\x0c\x36\x0c'\
b'\x33\x0c\x33\x8c\x31\x8c\x31\xcc\x30\xcc\x30\xec\x30\x6c\x30\x3c'\
b'\x30\x3c\x30\x1c\x30\x1c\x00\x00\x00\x00\x00\x00\x00\x00\x00\x00'\
b'\x11\x00\x00\x00\x00\x03\x00\x00\x01\x80\x00\x00\xc0\x00\x00\x00'\
b'\x00\x00\x00\x00\x03\xf0\x00\x0f\xf8\x00\x1c\x1c\x00\x38\x0e\x00'\
b'\x30\x06\x00\x30\x07\x00\x70\x03\x00\x70\x03\x00\x70\x03\x00\x70'\
b'\x03\x00\x30\x07\x00\x30\x06\x00\x38\x0e\x00\x1c\x1c\x00\x0f\xf8'\
b'\x00\x03\xf0\x00\x00\x00\x00\x00\x00\x00\x00\x00\x00\x00\x00\x00'\
b'\x00\x00\x00\x00\x00\x00\x00\x00\x11\x00\x00\x00\x00\x00\x60\x00'\
b'\x00\xc0\x00\x00\x80\x00\x00\x00\x00\x00\x00\x00\x03\xf0\x00\x0f'\
b'\xf8\x00\x1c\x1c\x00\x38\x0e\x00\x30\x06\x00\x30\x07\x00\x70\x03'\
b'\x00\x70\x03\x00\x70\x03\x00\x70\x03\x00\x30\x07\x00\x30\x06\x00'\
b'\x38\x0e\x00\x1c\x1c\x00\x0f\xf8\x00\x03\xf0\x00\x00\x00\x00\x00'\
b'\x00\x00\x00\x00\x00\x00\x00\x00\x00\x00\x00\x00\x00\x00\x00\x00'\
b'\x11\x00\x00\x00\x00\x01\xc0\x00\x01\x60\x00\x02\x30\x00\x00\x00'\
b'\x00\x00\x00\x00\x03\xf0\x00\x0f\xf8\x00\x1c\x1c\x00\x38\x0e\x00'\
b'\x30\x06\x00\x30\x07\x00\x70\x03\x00\x70\x03\x00\x70\x03\x00\x70'\
b'\x03\x00\x30\x07\x00\x30\x06\x00\x38\x0e\x00\x1c\x1c\x00\x0f\xf8'\
b'\x00\x03\xf0\x00\x00\x00\x00\x00\x00\x00\x00\x00\x00\x00\x00\x00'\
b'\x00\x00\x00\x00\x00\x00\x00\x00\x11\x00\x00\x00\x00\x00\x00\x00'\
b'\x03\x90\x00\x06\xf0\x00\x00\x00\x00\x00\x00\x00\x03\xf0\x00\x0f'\
b'\xf8\x00\x1c\x1c\x00\x38\x0e\x00\x30\x06\x00\x30\x07\x00\x70\x03'\
b'\x00\x70\x03\x00\x70\x03\x00\x70\x03\x00\x30\x07\x00\x30\x06\x00'\
b'\x38\x0e\x00\x1c\x1c\x00\x0f\xf8\x00\x03\xf0\x00\x00\x00\x00\x00'\
b'\x00\x00\x00\x00\x00\x00\x00\x00\x00\x00\x00\x00\x00\x00\x00\x00'\
b'\x11\x00\x00\x00\x00\x00\x00\x00\x07\x30\x00\x07\x30\x00\x00\x00'\
b'\x00\x00\x00\x00\x03\xf0\x00\x0f\xf8\x00\x1c\x1c\x00\x38\x0e\x00'\
b'\x30\x06\x00\x30\x07\x00\x70\x03\x00\x70\x03\x00\x70\x03\x00\x70'\
b'\x03\x00\x30\x07\x00\x30\x06\x00\x38\x0e\x00\x1c\x1c\x00\x0f\xf8'\
b'\x00\x03\xf0\x00\x00\x00\x00\x00\x00\x00\x00\x00\x00\x00\x00\x00'\
b'\x00\x00\x00\x00\x00\x00\x00\x00\x12\x00\x00\x00\x00\x00\x00\x00'\
b'\x00\x00\x00\x00\x00\x00\x00\x00\x00\x00\x00\x00\x00\x00\x00\x00'\
b'\x00\x00\x00\x00\x00\x08\x02\x00\x1c\x06\x00\x0e\x0c\x00\x07\x18'\
b'\x00\x03\xf0\x00\x01\xe0\x00\x01\xe0\x00\x03\xf0\x00\x07\x18\x00'\
b'\x0e\x0c\x00\x1c\x06\x00\x08\x02\x00\x00\x00\x00\x00\x00\x00\x00'\
b'\x00\x00\x00\x00\x00\x00\x00\x00\x00\x00\x00\x00\x00\x00\x00\x00'\
b'\x11\x00\x00\x00\x00\x00\x00\x00\x00\x00\x00\x00\x00\x00\x00\x00'\
b'\x00\x00\x00\x00\x03\xe3\x00\x0f\xfa\x00\x1c\x1e\x00\x38\x0e\x00'\
b'\x30\x1e\x00\x70\x37\x00\x70\x63\x00\x70\xc3\x00\x71\x83\x00\x73'\
b'\x03\x00\x36\x07\x00\x3c\x07\x00\x38\x0e\x00\x1c\x1c\x00\x3f\xf8'\
b'\x00\x63\xf0\x00\x00\x00\x00\x00\x00\x00\x00\x00\x00\x00\x00\x00'\
b'\x00\x00\x00\x00\x00\x00\x00\x00\x10\x00\x00\x00\x03\x00\x01\x80'\
b'\x00\x80\x00\x00\x00\x00\x30\x0c\x30\x0c\x30\x0c\x30\x0c\x30\x0c'\
b'\x30\x0c\x30\x0c\x30\x0c\x30\x0c\x30\x0c\x30\x0c\x30\x0c\x38\x1c'\
b'\x1c\x38\x0f\xf8\x07\xe0\x00\x00\x00\x00\x00\x00\x00\x00\x00\x00'\
b'\x10\x00\x00\x00\x00\xc0\x00\x80\x01\x80\x00\x00\x00\x00\x30\x0c'\
b'\x30\x0c\x30\x0c\x30\x0c\x30\x0c\x30\x0c\x30\x0c\x30\x0c\x30\x0c'\
b'\x30\x0c\x30\x0c\x30\x0c\x38\x1c\x1c\x38\x0f\xf8\x07\xe0\x00\x00'\
b'\x00\x00\x00\x00\x00\x00\x00\x00\x10\x00\x00\x00\x01\x80\x03\x40'\
b'\x06\x60\x00\x00\x00\x00\x30\x0c\x30\x0c\x30\x0c\x30\x0c\x30\x0c'\
b'\x30\x0c\x30\x0c\x30\x0c\x30\x0c\x30\x0c\x30\x0c\x30\x0c\x38\x1c'\
b'\x1c\x38\x0f\xf8\x07\xe0\x00\x00\x00\x00\x00\x00\x00\x00\x00\x00'\
b'\x10\x00\x00\x00\x00\x00\x06\x60\x06\x60\x00\x00\x00\x00\x30\x0c'\
b'\x30\x0c\x30\x0c\x30\x0c\x30\x0c\x30\x0c\x30\x0c\x30\x0c\x30\x0c'\
b'\x30\x0c\x30\x0c\x30\x0c\x38\x1c\x1c\x38\x0f\xf8\x07\xe0\x00\x00'\
b'\x00\x00\x00\x00\x00\x00\x00\x00\x0d\x00\x00\x00\x01\x80\x03\x00'\
b'\x02\x00\x00\x00\x00\x00\xe0\x18\x60\x30\x30\x70\x38\x60\x18\xc0'\
b'\x0d\xc0\x0f\x80\x07\x00\x03\x00\x03\x00\x03\x00\x03\x00\x03\x00'\
b'\x03\x00\x03\x00\x03\x00\x00\x00\x00\x00\x00\x00\x00\x00\x00\x00'\
b'\x0d\x00\x00\x00\x00\x00\x00\x00\x00\x00\x00\x00\x00\x00\x30\x00'\
b'\x30\x00\x30\x00\x3f\xc0\x3f\xe0\x30\x70\x30\x30\x30\x38\x30\x38'\
b'\x30\x30\x30\x70\x3f\xe0\x3f\xc0\x30\x00\x30\x00\x30\x00\x00\x00'\
b'\x00\x00\x00\x00\x00\x00\x00\x00\x0e\x00\x00\x00\x00\x00\x00\x00'\
b'\x00\x00\x00\x00\x0f\x80\x1f\xe0\x38\x60\x30\x60\x30\xf0\x31\x80'\
b'\x33\x00\x33\x00\x33\x80\x31\xe0\x30\x70\x30\x38\x30\x18\x30\x18'\
b'\x34\x38\x37\xf0\x33\xe0\x00\x00\x00\x00\x00\x00\x00\x00\x00\x00'\
b'\x0d\x00\x00\x00\x00\x00\x00\x00\x00\x00\x18\x00\x0c\x00\x06\x00'\
b'\x02\x00\x00\x00\x00\x00\x1f\x80\x3f\xc0\x20\x60\x00\x60\x0f\xe0'\
b'\x3f\xe0\x30\x60\x60\x60\x60\x60\x30\xe0\x3f\xe0\x1f\x60\x00\x00'\
b'\x00\x00\x00\x00\x00\x00\x00\x00\x0d\x00\x00\x00\x00\x00\x00\x00'\
b'\x00\x00\x01\xc0\x01\x80\x03\x00\x06\x00\x00\x00\x00\x00\x1f\x80'\
b'\x3f\xc0\x20\x60\x00\x60\x0f\xe0\x3f\xe0\x30\x60\x60\x60\x60\x60'\
b'\x30\xe0\x3f\xe0\x1f\x60\x00\x00\x00\x00\x00\x00\x00\x00\x00\x00'\
b'\x0d\x00\x00\x00\x00\x00\x00\x00\x00\x00\x07\x00\x07\x00\x0d\x80'\
b'\x18\x80\x00\x00\x00\x00\x1f\x80\x3f\xc0\x20\x60\x00\x60\x0f\xe0'\
b'\x3f\xe0\x30\x60\x60\x60\x60\x60\x30\xe0\x3f\xe0\x1f\x60\x00\x00'\
b'\x00\x00\x00\x00\x00\x00\x00\x00\x0d\x00\x00\x00\x00\x00\x00\x00'\
b'\x00\x00\x00\x00\x0c\x40\x16\xc0\x13\x80\x00\x00\x00\x00\x1f\x80'\
b'\x3f\xc0\x20\x60\x00\x60\x0f\xe0\x3f\xe0\x30\x60\x60\x60\x60\x60'\
b'\x30\xe0\x3f\xe0\x1f\x60\x00\x00\x00\x00\x00\x00\x00\x00\x00\x00'\
b'\x0d\x00\x00\x00\x00\x00\x00\x00\x00\x00\x00\x00\x19\xc0\x19\xc0'\
b'\x00\x00\x00\x00\x00\x00\x1f\x80\x3f\xc0\x20\x60\x00\x60\x0f\xe0'\
b'\x3f\xe0\x30\x60\x60\x60\x60\x60\x30\xe0\x3f\xe0\x1f\x60\x00\x00'\
b'\x00\x00\x00\x00\x00\x00\x00\x00\x0d\x00\x00\x00\x00\x00\x00\x00'\
b'\x07\x00\x09\x80\x18\x80\x18\x80\x09\x80\x07\x00\x00\x00\x1f\x80'\
b'\x3f\xc0\x20\x60\x00\x60\x0f\xe0\x3f\xe0\x30\x60\x60\x60\x60\x60'\
b'\x30\xe0\x3f\xe0\x1f\x60\x00\x00\x00\x00\x00\x00\x00\x00\x00\x00'\
b'\x16\x00\x00\x00\x00\x00\x00\x00\x00\x00\x00\x00\x00\x00\x00\x00'\
b'\x00\x00\x00\x00\x00\x00\x00\x00\x00\x00\x00\x00\x00\x00\x00\x00'\
b'\x1f\x87\xc0\x3f\xdf\xe0\x20\x78\x70\x00\x70\x30\x0f\xf0\x30\x3f'\
b'\xff\xf0\x30\x7f\xf0\x60\x60\x00\x60\x70\x00\x30\xd8\x10\x3f\x9f'\
b'\xf0\x1f\x07\xe0\x00\x00\x00\x00\x00\x00\x00\x00\x00\x00\x00\x00'\
b'\x00\x00\x00\x00\x00\x00\x00\x00\x0c\x00\x00\x00\x00\x00\x00\x00'\
b'\x00\x00\x00\x00\x00\x00\x00\x00\x00\x00\x00\x00\x00\x00\x0f\xc0'\
b'\x1f\xe0\x38\x20\x30\x00\x70\x00\x60\x00\x60\x00\x70\x00\x30\x00'\
b'\x38\x20\x1f\xe0\x0f\xc0\x01\x00\x00\x80\x07\x80\x07\x80\x00\x00'\
b'\x0e\x00\x00\x00\x00\x00\x00\x00\x00\x00\x0c\x00\x06\x00\x02\x00'\
b'\x03\x00\x00\x00\x00\x00\x0f\xc0\x1f\xe0\x38\x70\x30\x30\x60\x30'\
b'\x7f\xf0\x7f\xf0\x60\x00\x30\x00\x38\x10\x1f\xf0\x07\xe0\x00\x00'\
b'\x00\x00\x00\x00\x00\x00\x00\x00\x0e\x00\x00\x00\x00\x00\x00\x00'\
b'\x00\x00\x00\xc0\x01\x80\x01\x00\x03\x00\x00\x00\x00\x00\x0f\xc0'\
b'\x1f\xe0\x38\x70\x30\x30\x60\x30\x7f\xf0\x7f\xf0\x60\x00\x30\x00'\
b'\x38\x10\x1f\xf0\x07\xe0\x00\x00\x00\x00\x00\x00\x00\x00\x00\x00'\
b'\x0e\x00\x00\x00\x00\x00\x00\x00\x00\x00\x03\x00\x07\x80\x04\x80'\
b'\x08\x40\x00\x00\x00\x00\x0f\xc0\x1f\xe0\x38\x70\x30\x30\x60\x30'\
b'\x7f\xf0\x7f\xf0\x60\x00\x30\x00\x38\x10\x1f\xf0\x07\xe0\x00\x00'\
b'\x00\x00\x00\x00\x00\x00\x00\x00\x0e\x00\x00\x00\x00\x00\x00\x00'\
b'\x00\x00\x00\x00\x0c\xc0\x0c\xc0\x00\x00\x00\x00\x00\x00\x0f\xc0'\
b'\x1f\xe0\x38\x70\x30\x30\x60\x30\x7f\xf0\x7f\xf0\x60\x00\x30\x00'\
b'\x38\x10\x1f\xf0\x07\xe0\x00\x00\x00\x00\x00\x00\x00\x00\x00\x00'\
b'\x06\x00\x00\x00\x00\x00\xc0\x60\x20\x30\x00\x00\x30\x30\x30\x30'\
b'\x30\x30\x30\x30\x30\x30\x30\x30\x00\x00\x00\x00\x00\x00\x00\x00'\
b'\x06\x00\x00\x00\x00\x00\x0c\x18\x18\x30\x00\x00\x30\x30\x30\x30'\
b'\x30\x30\x30\x30\x30\x30\x30\x30\x00\x00\x00\x00\x00\x00\x00\x00'\
b'\x06\x00\x00\x00\x00\x00\x30\x78\x4c\x84\x00\x00\x30\x30\x30\x30'\
b'\x30\x30\x30\x30\x30\x30\x30\x30\x00\x00\x00\x00\x00\x00\x00\x00'\
b'\x06\x00\x00\x00\x00\x00\x00\xcc\xcc\x00\x00\x00\x30\x30\x30\x30'\
b'\x30\x30\x30\x30\x30\x30\x30\x30\x00\x00\x00\x00\x00\x00\x00\x00'\
b'\x0d\x00\x00\x00\x00\x00\x00\x00\x00\x00\x00\x00\x0c\x20\x07\xe0'\
b'\x0f\x00\x3b\x80\x01\xc0\x0f\xc0\x1f\xe0\x38\x70\x30\x30\x60\x30'\
b'\x60\x30\x60\x30\x60\x30\x30\x30\x38\x60\x1f\xe0\x0f\x80\x00\x00'\
b'\x00\x00\x00\x00\x00\x00\x00\x00\x0e\x00\x00\x00\x00\x00\x00\x00'\
b'\x00\x00\x00\x00\x0e\x60\x0b\x40\x09\xc0\x00\x00\x00\x00\x33\xc0'\
b'\x3f\xe0\x38\x70\x30\x30\x30\x30\x30\x30\x30\x30\x30\x30\x30\x30'\
b'\x30\x30\x30\x30\x30\x30\x00\x00\x00\x00\x00\x00\x00\x00\x00\x00'\
b'\x0d\x00\x00\x00\x00\x00\x00\x00\x00\x00\x1c\x00\x0c\x00\x06\x00'\
b'\x03\x00\x00\x00\x00\x00\x0f\x80\x1f\xe0\x38\x60\x30\x30\x60\x30'\
b'\x60\x30\x60\x30\x60\x30\x30\x30\x38\x60\x1f\xe0\x0f\x80\x00\x00'\
b'\x00\x00\x00\x00\x00\x00\x00\x00\x0d\x00\x00\x00\x00\x00\x00\x00'\
b'\x00\x00\x00\xc0\x01\x80\x03\x00\x02\x00\x00\x00\x00\x00\x0f\x80'\
b'\x1f\xe0\x38\x60\x30\x30\x60\x30\x60\x30\x60\x30\x60\x30\x30\x30'\
b'\x38\x60\x1f\xe0\x0f\x80\x00\x00\x00\x00\x00\x00\x00\x00\x00\x00'\
b'\x0d\x00\x00\x00\x00\x00\x00\x00\x00\x00\x03\x00\x07\x80\x0c\x80'\
b'\x08\xc0\x00\x00\x00\x00\x0f\x80\x1f\xe0\x38\x60\x30\x30\x60\x30'\
b'\x60\x30\x60\x30\x60\x30\x30\x30\x38\x60\x1f\xe0\x0f\x80\x00\x00'\
b'\x00\x00\x00\x00\x00\x00\x00\x00\x0d\x00\x00\x00\x00\x00\x00\x00'\
b'\x00\x00\x00\x00\x0e\x40\x1b\x40\x19\x80\x00\x00\x00\x00\x0f\x80'\
b'\x1f\xe0\x38\x60\x30\x30\x60\x30\x60\x30\x60\x30\x60\x30\x30\x30'\
b'\x38\x60\x1f\xe0\x0f\x80\x00\x00\x00\x00\x00\x00\x00\x00\x00\x00'\
b'\x0d\x00\x00\x00\x00\x00\x00\x00\x00\x00\x00\x00\x0c\xc0\x0c\xc0'\
b'\x00\x00\x00\x00\x00\x00\x0f\x80\x1f\xe0\x38\x60\x30\x30\x60\x30'\
b'\x60\x30\x60\x30\x60\x30\x30\x30\x38\x60\x1f\xe0\x0f\x80\x00\x00'\
b'\x00\x00\x00\x00\x00\x00\x00\x00\x12\x00\x00\x00\x00\x00\x00\x00'\
b'\x00\x00\x00\x00\x00\x00\x00\x00\x00\x00\x00\x00\x00\x00\x00\x00'\
b'\x00\x00\x00\x00\x00\x00\xe0\x00\x00\xe0\x00\x00\xe0\x00\x00\x00'\
b'\x00\x00\x00\x00\x3f\xff\x00\x3f\xff\x00\x00\x00\x00\x00\x00\x00'\
b'\x00\xe0\x00\x00\xe0\x00\x00\xe0\x00\x00\x00\x00\x00\x00\x00\x00'\
b'\x00\x00\x00\x00\x00\x00\x00\x00\x00\x00\x00\x00\x00\x00\x00\x00'\
b'\x0d\x00\x00\x00\x00\x00\x00\x00\x00\x00\x00\x00\x00\x00\x00\x00'\
b'\x00\x00\x00\x00\x00\x00\x0f\x90\x1f\xf0\x38\x60\x30\xf0\x61\xb0'\
b'\x63\x30\x66\x30\x6c\x30\x38\x30\x38\x60\x3f\xe0\x6f\x80\x00\x00'\
b'\x00\x00\x00\x00\x00\x00\x00\x00\x0e\x00\x00\x00\x00\x00\x00\x00'\
b'\x00\x00\x0c\x00\x0c\x00\x06\x00\x03\x00\x00\x00\x00\x00\x30\x30'\
b'\x30\x30\x30\x30\x30\x30\x30\x30\x30\x30\x30\x30\x30\x30\x30\x30'\
b'\x38\x70\x1f\xf0\x0f\x30\x00\x00\x00\x00\x00\x00\x00\x00\x00\x00'\
b'\x0e\x00\x00\x00\x00\x00\x00\x00\x00\x00\x00\xc0\x01\x80\x03\x00'\
b'\x02\x00\x00\x00\x00\x00\x30\x30\x30\x30\x30\x30\x30\x30\x30\x30'\
b'\x30\x30\x30\x30\x30\x30\x30\x30\x38\x70\x1f\xf0\x0f\x30\x00\x00'\
b'\x00\x00\x00\x00\x00\x00\x00\x00\x0e\x00\x00\x00\x00\x00\x00\x00'\
b'\x00\x00\x03\x00\x07\x80\x0c\x80\x08\xc0\x00\x00\x00\x00\x30\x30'\
b'\x30\x30\x30\x30\x30\x30\x30\x30\x30\x30\x30\x30\x30\x30\x30\x30'\
b'\x38\x70\x1f\xf0\x0f\x30\x00\x00\x00\x00\x00\x00\x00\x00\x00\x00'\
b'\x0e\x00\x00\x00\x00\x00\x00\x00\x00\x00\x00\x00\x0c\xc0\x0c\xc0'\
b'\x00\x00\x00\x00\x00\x00\x30\x30\x30\x30\x30\x30\x30\x30\x30\x30'\
b'\x30\x30\x30\x30\x30\x30\x30\x30\x38\x70\x1f\xf0\x0f\x30\x00\x00'\
b'\x00\x00\x00\x00\x00\x00\x00\x00\x0d\x00\x00\x00\x00\x00\x00\x00'\
b'\x00\x00\x00\xc0\x01\x80\x03\x00\x06\x00\x00\x00\x00\x00\x60\x30'\
b'\x60\x30\x30\x60\x30\x60\x18\xe0\x18\xc0\x18\xc0\x0d\x80\x0d\x80'\
b'\x07\x80\x07\x00\x07\x00\x06\x00\x06\x00\x0e\x00\x3c\x00\x38\x00'\
b'\x0e\x00\x00\x00\x00\x00\x00\x00\x00\x00\x00\x00\x30\x00\x30\x00'\
b'\x30\x00\x30\x00\x30\x00\x33\xc0\x3f\xe0\x3c\x70\x38\x30\x30\x18'\
b'\x30\x18\x30\x18\x30\x18\x38\x30\x3c\x70\x3f\xe0\x33\xc0\x30\x00'\
b'\x30\x00\x30\x00\x30\x00\x30\x00\x0d\x00\x00\x00\x00\x00\x00\x00'\
b'\x00\x00\x00\x00\x1c\xc0\x1c\xc0\x00\x00\x00\x00\x00\x00\x60\x30'\
b'\x60\x30\x30\x60\x30\x60\x18\xe0\x18\xc0\x18\xc0\x0d\x80\x0d\x80'\
b'\x07\x80\x07\x00\x07\x00\x06\x00\x06\x00\x0e\x00\x3c\x00\x38\x00'\
b'\x0f\x00\x00\x00\x00\x00\x00\x00\x0f\xe0\x0f\xe0\x00\x00\x03\x80'\
b'\x03\x80\x06\xc0\x06\xc0\x06\xc0\x0c\x60\x0c\x60\x1c\x30\x18\x30'\
b'\x18\x30\x3f\xf8\x3f\xf8\x30\x1c\x60\x0c\x60\x0c\xe0\x0e\x00\x00'\
b'\x00\x00\x00\x00\x00\x00\x00\x00\x0d\x00\x00\x00\x00\x00\x00\x00'\
b'\x00\x00\x00\x00\x00\x00\x1f\xc0\x1f\xc0\x00\x00\x00\x00\x1f\x80'\
b'\x3f\xc0\x20\x60\x00\x60\x0f\xe0\x3f\xe0\x30\x60\x60\x60\x60\x60'\
b'\x30\xe0\x3f\xe0\x1f\x60\x00\x00\x00\x00\x00\x00\x00\x00\x00\x00'\
b'\x0f\x00\x0c\x20\x04\x60\x07\xc0\x03\xc0\x00\x00\x00\x00\x03\x80'\
b'\x03\x80\x06\xc0\x06\xc0\x06\xc0\x0c\x60\x0c\x60\x1c\x30\x18\x30'\
b'\x18\x30\x3f\xf8\x3f\xf8\x30\x1c\x60\x0c\x60\x0c\xe0\x0e\x00\x00'\
b'\x00\x00\x00\x00\x00\x00\x00\x00\x0d\x00\x00\x00\x00\x00\x00\x00'\
b'\x00\x00\x10\xc0\x18\x80\x0f\x80\x0f\x00\x00\x00\x00\x00\x1f\x80'\
b'\x3f\xc0\x20\x60\x00\x60\x0f\xe0\x3f\xe0\x30\x60\x60\x60\x60\x60'\
b'\x30\xe0\x3f\xe0\x1f\x60\x00\x00\x00\x00\x00\x00\x00\x00\x00\x00'\
b'\x10\x00\x00\x00\x00\x00\x00\x00\x00\x00\x00\x00\x00\x00\x03\x80'\
b'\x03\x80\x06\xc0\x06\xc0\x06\xc0\x0c\x60\x0c\x60\x1c\x30\x18\x30'\
b'\x18\x30\x3f\xf8\x3f\xf8\x30\x1c\x60\x0c\x60\x0c\xe0\x0e\x00\x08'\
b'\x00\x08\x00\x0f\x00\x0f\x00\x00\x0d\x00\x00\x00\x00\x00\x00\x00'\
b'\x00\x00\x00\x00\x00\x00\x00\x00\x00\x00\x00\x00\x00\x00\x1f\x80'\
b'\x3f\xc0\x20\x60\x00\x60\x0f\xe0\x3f\xe0\x30\x60\x60\x60\x60\x60'\
b'\x30\xe0\x3f\xe0\x1f\x60\x00\x40\x00\xc0\x00\xf0\x00\x70\x00\x00'\
b'\x0f\x00\x00\x00\x00\x60\x00\xc0\x00\x80\x00\x00\x00\x00\x03\xf0'\
b'\x0f\xfc\x1c\x0c\x38\x04\x30\x00\x30\x00\x70\x00\x70\x00\x70\x00'\
b'\x70\x00\x30\x00\x30\x00\x38\x04\x1c\x0c\x0f\xfc\x03\xf0\x00\x00'\
b'\x00\x00\x00\x00\x00\x00\x00\x00\x0c\x00\x00\x00\x00\x00\x00\x00'\
b'\x00\x00\x00\xc0\x01\x80\x01\x00\x03\x00\x00\x00\x00\x00\x0f\xc0'\
b'\x1f\xe0\x38\x20\x30\x00\x70\x00\x60\x00\x60\x00\x70\x00\x30\x00'\
b'\x38\x20\x1f\xe0\x0f\xc0\x00\x00\x00\x00\x00\x00\x00\x00\x00\x00'\
b'\x0f\x00\x00\x00\x00\xc0\x01\xa0\x03\x30\x00\x00\x00\x00\x03\xf0'\
b'\x0f\xfc\x1c\x0c\x38\x04\x30\x00\x30\x00\x70\x00\x70\x00\x70\x00'\
b'\x70\x00\x30\x00\x30\x00\x38\x04\x1c\x0c\x0f\xfc\x03\xf0\x00\x00'\
b'\x00\x00\x00\x00\x00\x00\x00\x00\x0c\x00\x00\x00\x00\x00\x00\x00'\
b'\x00\x00\x03\x00\x07\x80\x04\xc0\x0c\x40\x00\x00\x00\x00\x0f\xc0'\
b'\x1f\xe0\x38\x20\x30\x00\x70\x00\x60\x00\x60\x00\x70\x00\x30\x00'\
b'\x38\x20\x1f\xe0\x0f\xc0\x00\x00\x00\x00\x00\x00\x00\x00\x00\x00'\
b'\x0f\x00\x00\x00\x00\x00\x00\xc0\x00\xc0\x00\x00\x00\x00\x03\xf0'\
b'\x0f\xfc\x1c\x0c\x38\x04\x30\x00\x30\x00\x70\x00\x70\x00\x70\x00'\
b'\x70\x00\x30\x00\x30\x00\x38\x04\x1c\x0c\x0f\xfc\x03\xf0\x00\x00'\
b'\x00\x00\x00\x00\x00\x00\x00\x00\x0c\x00\x00\x00\x00\x00\x00\x00'\
b'\x00\x00\x00\x00\x03\x00\x03\x00\x03\x00\x00\x00\x00\x00\x0f\xc0'\
b'\x1f\xe0\x38\x20\x30\x00\x70\x00\x60\x00\x60\x00\x70\x00\x30\x00'\
b'\x38\x20\x1f\xe0\x0f\xc0\x00\x00\x00\x00\x00\x00\x00\x00\x00\x00'\
b'\x0f\x00\x00\x00\x02\x30\x01\x60\x01\xc0\x00\x00\x00\x00\x03\xf0'\
b'\x0f\xfc\x1c\x0c\x38\x04\x30\x00\x30\x00\x70\x00\x70\x00\x70\x00'\
b'\x70\x00\x30\x00\x30\x00\x38\x04\x1c\x0c\x0f\xfc\x03\xf0\x00\x00'\
b'\x00\x00\x00\x00\x00\x00\x00\x00\x0c\x00\x00\x00\x00\x00\x00\x00'\
b'\x00\x00\x08\x40\x04\x80\x07\x80\x03\x00\x00\x00\x00\x00\x0f\xc0'\
b'\x1f\xe0\x38\x20\x30\x00\x70\x00\x60\x00\x60\x00\x70\x00\x30\x00'\
b'\x38\x20\x1f\xe0\x0f\xc0\x00\x00\x00\x00\x00\x00\x00\x00\x00\x00'\
b'\x11\x00\x00\x00\x00\x06\x60\x00\x03\xc0\x00\x01\x80\x00\x00\x00'\
b'\x00\x00\x00\x00\x3f\xe0\x00\x3f\xf8\x00\x30\x3c\x00\x30\x0e\x00'\
b'\x30\x06\x00\x30\x06\x00\x30\x07\x00\x30\x07\x00\x30\x07\x00\x30'\
b'\x07\x00\x30\x06\x00\x30\x06\x00\x30\x0e\x00\x30\x3c\x00\x3f\xf8'\
b'\x00\x3f\xe0\x00\x00\x00\x00\x00\x00\x00\x00\x00\x00\x00\x00\x00'\
b'\x00\x00\x00\x00\x00\x00\x00\x00\x10\x00\x00\x00\x00\x00\x00\x00'\
b'\x00\x00\x00\x00\x00\x33\x00\x33\x00\x36\x00\x36\x00\x30\x0f\x30'\
b'\x1f\xf0\x38\xf0\x30\x70\x60\x30\x60\x30\x60\x30\x60\x30\x30\x70'\
b'\x38\xf0\x1f\xf0\x0f\x30\x00\x00\x00\x00\x00\x00\x00\x00\x00\x00'\
b'\x11\x00\x00\x00\x00\x00\x00\x00\x00\x00\x00\x00\x00\x00\x00\x00'\
b'\x00\x00\x00\x00\x3f\xe0\x00\x3f\xf8\x00\x30\x3c\x00\x30\x0e\x00'\
b'\x30\x06\x00\x30\x07\x00\x30\x07\x00\xff\x07\x00\xff\x07\x00\x30'\
b'\x07\x00\x30\x07\x00\x30\x06\x00\x30\x0e\x00\x30\x3c\x00\x3f\xf8'\
b'\x00\x3f\xe0\x00\x00\x00\x00\x00\x00\x00\x00\x00\x00\x00\x00\x00'\
b'\x00\x00\x00\x00\x00\x00\x00\x00\x0e\x00\x00\x00\x00\x00\x00\x00'\
b'\x00\x00\x00\x00\x00\x30\x00\x30\x03\xfc\x03\xfc\x00\x30\x0f\x30'\
b'\x1f\xf0\x38\xf0\x30\x70\x60\x30\x60\x30\x60\x30\x60\x30\x30\x70'\
b'\x38\xf0\x1f\xf0\x0f\x30\x00\x00\x00\x00\x00\x00\x00\x00\x00\x00'\
b'\x0e\x00\x00\x00\x00\x00\x00\x00\x0f\xc0\x0f\xc0\x00\x00\x3f\xf0'\
b'\x3f\xf0\x30\x00\x30\x00\x30\x00\x30\x00\x30\x00\x3f\xf0\x3f\xf0'\
b'\x30\x00\x30\x00\x30\x00\x30\x00\x30\x00\x3f\xf8\x3f\xf8\x00\x00'\
b'\x00\x00\x00\x00\x00\x00\x00\x00\x0e\x00\x00\x00\x00\x00\x00\x00'\
b'\x00\x00\x00\x00\x00\x00\x0f\xc0\x0f\xc0\x00\x00\x00\x00\x0f\xc0'\
b'\x1f\xe0\x38\x70\x30\x30\x60\x30\x7f\xf0\x7f\xf0\x60\x00\x30\x00'\
b'\x38\x10\x1f\xf0\x07\xe0\x00\x00\x00\x00\x00\x00\x00\x00\x00\x00'\
b'\x0e\x00\x00\x00\x00\x00\x08\x40\x07\xc0\x00\x00\x00\x00\x3f\xf0'\
b'\x3f\xf0\x30\x00\x30\x00\x30\x00\x30\x00\x30\x00\x3f\xf0\x3f\xf0'\
b'\x30\x00\x30\x00\x30\x00\x30\x00\x30\x00\x3f\xf8\x3f\xf8\x00\x00'\
b'\x00\x00\x00\x00\x00\x00\x00\x00\x0e\x00\x00\x00\x00\x00\x00\x00'\
b'\x00\x00\x08\x40\x0c\x40\x0f\xc0\x07\x80\x00\x00\x00\x00\x0f\xc0'\
b'\x1f\xe0\x38\x70\x30\x30\x60\x30\x7f\xf0\x7f\xf0\x60\x00\x30\x00'\
b'\x38\x10\x1f\xf0\x07\xe0\x00\x00\x00\x00\x00\x00\x00\x00\x00\x00'\
b'\x0e\x00\x00\x00\x00\x00\x03\x00\x03\x00\x00\x00\x00\x00\x3f\xf0'\
b'\x3f\xf0\x30\x00\x30\x00\x30\x00\x30\x00\x30\x00\x3f\xf0\x3f\xf0'\
b'\x30\x00\x30\x00\x30\x00\x30\x00\x30\x00\x3f\xf8\x3f\xf8\x00\x00'\
b'\x00\x00\x00\x00\x00\x00\x00\x00\x0e\x00\x00\x00\x00\x00\x00\x00'\
b'\x00\x00\x00\x00\x03\x00\x03\x00\x03\x00\x00\x00\x00\x00\x0f\xc0'\
b'\x1f\xe0\x38\x70\x30\x30\x60\x30\x7f\xf0\x7f\xf0\x60\x00\x30\x00'\
b'\x38\x10\x1f\xf0\x07\xe0\x00\x00\x00\x00\x00\x00\x00\x00\x00\x00'\
b'\x0e\x00\x00\x00\x00\x00\x00\x00\x00\x00\x00\x00\x00\x00\x3f\xf0'\
b'\x3f\xf0\x30\x00\x30\x00\x30\x00\x30\x00\x30\x00\x3f\xf0\x3f\xf0'\
b'\x30\x00\x30\x00\x30\x00\x30\x00\x30\x00\x3f\xf8\x3f\xf8\x00\x40'\
b'\x00\x40\x00\x78\x00\x78\x00\x00\x0e\x00\x00\x00\x00\x00\x00\x00'\
b'\x00\x00\x00\x00\x00\x00\x00\x00\x00\x00\x00\x00\x00\x00\x0f\xc0'\
b'\x1f\xe0\x38\x70\x30\x30\x60\x30\x7f\xf0\x7f\xf0\x60\x00\x30\x00'\
b'\x38\x10\x1f\xf0\x07\xe0\x00\xc0\x00\x80\x00\xf0\x00\xf0\x00\x00'\
b'\x0e\x00\x00\x00\x0c\x40\x06\x80\x03\x80\x00\x00\x00\x00\x3f\xf0'\
b'\x3f\xf0\x30\x00\x30\x00\x30\x00\x30\x00\x30\x00\x3f\xf0\x3f\xf0'\
b'\x30\x00\x30\x00\x30\x00\x30\x00\x30\x00\x3f\xf8\x3f\xf8\x00\x00'\
b'\x00\x00\x00\x00\x00\x00\x00\x00\x0e\x00\x00\x00\x00\x00\x00\x00'\
b'\x00\x00\x0c\x40\x04\xc0\x07\x80\x03\x00\x00\x00\x00\x00\x0f\xc0'\
b'\x1f\xe0\x38\x70\x30\x30\x60\x30\x7f\xf0\x7f\xf0\x60\x00\x30\x00'\
b'\x38\x10\x1f\xf0\x07\xe0\x00\x00\x00\x00\x00\x00\x00\x00\x00\x00'\
b'\x11\x00\x00\x00\x00\x00\xe0\x00\x01\xa0\x00\x03\x10\x00\x00\x00'\
b'\x00\x00\x00\x00\x03\xf0\x00\x0f\xfc\x00\x1e\x0e\x00\x38\x02\x00'\
b'\x30\x00\x00\x30\x00\x00\x70\x00\x00\x70\x3e\x00\x70\x3e\x00\x70'\
b'\x06\x00\x30\x06\x00\x30\x06\x00\x38\x06\x00\x1e\x0e\x00\x0f\xfe'\
b'\x00\x03\xf0\x00\x00\x00\x00\x00\x00\x00\x00\x00\x00\x00\x00\x00'\
b'\x00\x00\x00\x00\x00\x00\x00\x00\x0e\x00\x00\x00\x00\x00\x00\x00'\
b'\x00\x00\x07\x00\x07\x00\x0d\x80\x08\xc0\x00\x00\x00\x00\x0f\x30'\
b'\x1f\xf0\x38\xf0\x30\x70\x60\x30\x60\x30\x60\x30\x60\x30\x30\x70'\
b'\x38\xf0\x1f\xf0\x0f\x30\x00\x30\x00\x70\x10\xe0\x1f\xc0\x0f\x80'\
b'\x11\x00\x00\x00\x00\x00\x00\x00\x06\x30\x00\x03\xe0\x00\x00\x00'\
b'\x00\x00\x00\x00\x03\xf0\x00\x0f\xfc\x00\x1e\x0e\x00\x38\x02\x00'\
b'\x30\x00\x00\x30\x00\x00\x70\x00\x00\x70\x3e\x00\x70\x3e\x00\x70'\
b'\x06\x00\x30\x06\x00\x30\x06\x00\x38\x06\x00\x1e\x0e\x00\x0f\xfe'\
b'\x00\x03\xf0\x00\x00\x00\x00\x00\x00\x00\x00\x00\x00\x00\x00\x00'\
b'\x00\x00\x00\x00\x00\x00\x00\x00\x0e\x00\x00\x00\x00\x00\x00\x00'\
b'\x00\x00\x08\x40\x0c\xc0\x0f\xc0\x07\x80\x00\x00\x00\x00\x0f\x30'\
b'\x1f\xf0\x38\xf0\x30\x70\x60\x30\x60\x30\x60\x30\x60\x30\x30\x70'\
b'\x38\xf0\x1f\xf0\x0f\x30\x00\x30\x00\x70\x10\xe0\x1f\xc0\x0f\x80'\
b'\x11\x00\x00\x00\x00\x00\x00\x00\x00\xc0\x00\x00\xc0\x00\x00\x00'\
b'\x00\x00\x00\x00\x03\xf0\x00\x0f\xfc\x00\x1e\x0e\x00\x38\x02\x00'\
b'\x30\x00\x00\x30\x00\x00\x70\x00\x00\x70\x3e\x00\x70\x3e\x00\x70'\
b'\x06\x00\x30\x06\x00\x30\x06\x00\x38\x06\x00\x1e\x0e\x00\x0f\xfe'\
b'\x00\x03\xf0\x00\x00\x00\x00\x00\x00\x00\x00\x00\x00\x00\x00\x00'\
b'\x00\x00\x00\x00\x00\x00\x00\x00\x0e\x00\x00\x00\x00\x00\x00\x00'\
b'\x00\x00\x00\x00\x03\x00\x03\x00\x03\x00\x00\x00\x00\x00\x0f\x30'\
b'\x1f\xf0\x38\xf0\x30\x70\x60\x30\x60\x30\x60\x30\x60\x30\x30\x70'\
b'\x38\xf0\x1f\xf0\x0f\x30\x00\x30\x00\x70\x10\xe0\x1f\xc0\x0f\x80'\
b'\x11\x00\x00\x00\x00\x00\x00\x00\x00\x00\x00\x00\x00\x00\x00\x00'\
b'\x00\x00\x00\x00\x03\xf0\x00\x0f\xfc\x00\x1e\x0e\x00\x38\x02\x00'\
b'\x30\x00\x00\x30\x00\x00\x70\x00\x00\x70\x3e\x00\x70\x3e\x00\x70'\
b'\x06\x00\x30\x06\x00\x30\x06\x00\x38\x06\x00\x1e\x0e\x00\x0f\xfe'\
b'\x00\x03\xf0\x00\x00\x00\x00\x00\x00\x00\x00\xe0\x00\x00\xc0\x00'\
b'\x00\x80\x00\x00\x00\x00\x00\x00\x0e\x00\x00\x00\x00\x00\x00\x00'\
b'\x00\x00\x00\x00\x01\x00\x03\x00\x03\x00\x00\x00\x00\x00\x0f\x30'\
b'\x1f\xf0\x38\xf0\x30\x70\x60\x30\x60\x30\x60\x30\x60\x30\x30\x70'\
b'\x38\xf0\x1f\xf0\x0f\x30\x00\x30\x00\x70\x10\xe0\x1f\xc0\x0f\x80'\
b'\x11\x00\x00\x00\x00\x01\xc0\x00\x03\x40\x00\x06\x20\x00\x00\x00'\
b'\x00\x00\x00\x00\x30\x0c\x00\x30\x0c\x00\x30\x0c\x00\x30\x0c\x00'\
b'\x30\x0c\x00\x30\x0c\x00\x30\x0c\x00\x3f\xfc\x00\x3f\xfc\x00\x30'\
b'\x0c\x00\x30\x0c\x00\x30\x0c\x00\x30\x0c\x00\x30\x0c\x00\x30\x0c'\
b'\x00\x30\x0c\x00\x00\x00\x00\x00\x00\x00\x00\x00\x00\x00\x00\x00'\
b'\x00\x00\x00\x00\x00\x00\x00\x00\x0e\x00\x00\x00\x30\x00\x78\x00'\
b'\xcc\x00\x00\x00\x30\x00\x30\x00\x30\x00\x30\x00\x30\x00\x33\xc0'\
b'\x3f\xe0\x38\x70\x30\x30\x30\x30\x30\x30\x30\x30\x30\x30\x30\x30'\
b'\x30\x30\x30\x30\x30\x30\x00\x00\x00\x00\x00\x00\x00\x00\x00\x00'\
b'\x14\x00\x00\x00\x00\x00\x00\x00\x00\x00\x00\x00\x00\x00\x00\x00'\
b'\x00\x00\x00\x00\x0c\x03\x00\x0c\x03\x00\x0c\x03\x00\x3f\xff\xc0'\
b'\x3f\xff\xc0\x0c\x03\x00\x0c\x03\x00\x0f\xff\x00\x0f\xff\x00\x0c'\
b'\x03\x00\x0c\x03\x00\x0c\x03\x00\x0c\x03\x00\x0c\x03\x00\x0c\x03'\
b'\x00\x0c\x03\x00\x00\x00\x00\x00\x00\x00\x00\x00\x00\x00\x00\x00'\
b'\x00\x00\x00\x00\x00\x00\x00\x00\x0f\x00\x00\x00\x00\x00\x00\x00'\
b'\x00\x00\x00\x00\x18\x00\x18\x00\x7f\x00\x7f\x00\x18\x00\x1b\xe0'\
b'\x1f\xf0\x1c\x30\x18\x18\x18\x18\x18\x18\x18\x18\x18\x18\x18\x18'\
b'\x18\x18\x18\x18\x18\x18\x00\x00\x00\x00\x00\x00\x00\x00\x00\x00'\
b'\x07\x00\x00\x00\xe6\x9c\x00\x00\x30\x30\x30\x30\x30\x30\x30\x30'\
b'\x30\x30\x30\x30\x30\x30\x30\x30\x00\x00\x00\x00\x00\x00\x00\x00'\
b'\x07\x00\x00\x00\x00\x00\x00\xe6\xb4\x9c\x00\x00\x30\x30\x30\x30'\
b'\x30\x30\x30\x30\x30\x30\x30\x30\x00\x00\x00\x00\x00\x00\x00\x00'\
b'\x06\x00\x00\x00\x00\xfc\xfc\x00\x30\x30\x30\x30\x30\x30\x30\x30'\
b'\x30\x30\x30\x30\x30\x30\x30\x30\x00\x00\x00\x00\x00\x00\x00\x00'\
b'\x06\x00\x00\x00\x00\x00\x00\x00\xfc\xfc\x00\x00\x30\x30\x30\x30'\
b'\x30\x30\x30\x30\x30\x30\x30\x30\x00\x00\x00\x00\x00\x00\x00\x00'\
b'\x06\x00\x00\x00\x84\x7c\x00\x00\x30\x30\x30\x30\x30\x30\x30\x30'\
b'\x30\x30\x30\x30\x30\x30\x30\x30\x00\x00\x00\x00\x00\x00\x00\x00'\
b'\x06\x00\x00\x00\x00\x00\x84\xc4\xfc\x78\x00\x00\x30\x30\x30\x30'\
b'\x30\x30\x30\x30\x30\x30\x30\x30\x00\x00\x00\x00\x00\x00\x00\x00'\
b'\x06\x00\x00\x00\x00\x00\x00\x00\x30\x30\x30\x30\x30\x30\x30\x30'\
b'\x30\x30\x30\x30\x30\x30\x30\x30\x10\x20\x3c\x3c\x00\x00\x00\x00'\
b'\x06\x00\x00\x00\x00\x00\x00\x30\x30\x30\x00\x00\x30\x30\x30\x30'\
b'\x30\x30\x30\x30\x30\x30\x30\x30\x30\x20\x3c\x3c\x00\x00\x00\x00'\
b'\x06\x00\x00\x00\x30\x30\x00\x00\x30\x30\x30\x30\x30\x30\x30\x30'\
b'\x30\x30\x30\x30\x30\x30\x30\x30\x00\x00\x00\x00\x00\x00\x00\x00'\
b'\x06\x00\x00\x00\x00\x00\x00\x00\x00\x00\x00\x00\x30\x30\x30\x30'\
b'\x30\x30\x30\x30\x30\x30\x30\x30\x00\x00\x00\x00\x00\x00\x00\x00'\
b'\x0d\x00\x00\x00\x00\x00\x00\x00\x00\x00\x00\x00\x00\x00\x30\x60'\
b'\x30\x60\x30\x60\x30\x60\x30\x60\x30\x60\x30\x60\x30\x60\x30\x60'\
b'\x30\x60\x30\x60\x30\x60\x30\x60\x30\x60\x30\x60\x30\x60\x00\xe0'\
b'\x00\xc0\x07\xc0\x07\x80\x00\x00\x0c\x00\x00\x00\x00\x00\x00\x00'\
b'\x00\x00\x00\x00\x30\xc0\x30\xc0\x30\xc0\x00\x00\x00\x00\x30\xc0'\
b'\x30\xc0\x30\xc0\x30\xc0\x30\xc0\x30\xc0\x30\xc0\x30\xc0\x30\xc0'\
b'\x30\xc0\x30\xc0\x30\xc0\x00\xc0\x00\xc0\x00\xc0\x03\xc0\x03\x80'\
b'\x07\x00\x00\x1c\x34\x62\x00\x00\x18\x18\x18\x18\x18\x18\x18\x18'\
b'\x18\x18\x18\x18\x18\x18\x18\x18\x18\x38\xf0\xe0\x00\x00\x00\x00'\
b'\x06\x00\x00\x00\x00\x00\x30\x78\x4c\x84\x00\x00\x30\x30\x30\x30'\
b'\x30\x30\x30\x30\x30\x30\x30\x30\x30\x30\x30\xe0\xc0\x00\x00\x00'\
b'\x0e\x00\x00\x00\x00\x00\x00\x00\x00\x00\x00\x00\x00\x00\x30\x1c'\
b'\x30\x38\x30\x70\x30\xe0\x31\xc0\x33\x00\x36\x00\x3c\x00\x36\x00'\
b'\x33\x00\x31\x80\x30\xc0\x30\x60\x30\x30\x30\x18\x30\x0c\x00\x00'\
b'\x00\x00\x00\xc0\x01\x80\x01\x80\x0d\x00\x00\x00\x00\x00\x00\x00'\
b'\x00\x00\x00\x00\x30\x00\x30\x00\x30\x00\x30\x00\x30\x00\x30\x70'\
b'\x30\xe0\x31\xc0\x33\x00\x36\x00\x3c\x00\x3e\x00\x37\x00\x33\x80'\
b'\x31\xc0\x30\x60\x30\x30\x00\x00\x00\x00\x03\x80\x03\x00\x02\x00'\
b'\x0d\x00\x00\x00\x00\x00\x00\x00\x00\x00\x00\x00\x00\x00\x00\x00'\
b'\x00\x00\x00\x00\x00\x00\x30\x70\x30\xe0\x31\xc0\x33\x00\x36\x00'\
b'\x3c\x00\x3e\x00\x37\x00\x33\x80\x31\xc0\x30\x60\x30\x30\x00\x00'\
b'\x00\x00\x00\x00\x00\x00\x00\x00\x0c\x00\x00\x00\x0c\x00\x18\x00'\
b'\x10\x00\x00\x00\x00\x00\x30\x00\x30\x00\x30\x00\x30\x00\x30\x00'\
b'\x30\x00\x30\x00\x30\x00\x30\x00\x30\x00\x30\x00\x30\x00\x30\x00'\
b'\x30\x00\x3f\xf0\x3f\xf0\x00\x00\x00\x00\x00\x00\x00\x00\x00\x00'\
b'\x06\x00\x00\x0c\x18\x10\x00\x30\x30\x30\x30\x30\x30\x30\x30\x30'\
b'\x30\x30\x30\x30\x30\x30\x30\x30\x00\x00\x00\x00\x00\x00\x00\x00'\
b'\x0c\x00\x00\x00\x00\x00\x00\x00\x00\x00\x00\x00\x00\x00\x30\x00'\
b'\x30\x00\x30\x00\x30\x00\x30\x00\x30\x00\x30\x00\x30\x00\x30\x00'\
b'\x30\x00\x30\x00\x30\x00\x30\x00\x30\x00\x3f\xf0\x3f\xf0\x00\x00'\
b'\x00\x00\x03\x00\x03\x00\x02\x00\x06\x00\x00\x00\x00\x00\x00\x30'\
b'\x30\x30\x30\x30\x30\x30\x30\x30\x30\x30\x30\x30\x30\x30\x30\x30'\
b'\x00\x00\x30\x30\x20\x00\x00\x00\x0c\x00\x00\x00\x00\x00\x00\x00'\
b'\x00\x00\x00\x00\x00\x00\x31\x80\x31\x80\x31\x80\x31\x00\x30\x00'\
b'\x30\x00\x30\x00\x30\x00\x30\x00\x30\x00\x30\x00\x30\x00\x30\x00'\
b'\x30\x00\x3f\xf0\x3f\xf0\x00\x00\x00\x00\x00\x00\x00\x00\x00\x00'\
b'\x08\x00\x00\x00\x00\x00\x00\x33\x33\x32\x36\x30\x30\x30\x30\x30'\
b'\x30\x30\x30\x30\x30\x30\x30\x30\x00\x00\x00\x00\x00\x00\x00\x00'\
b'\x0c\x00\x00\x00\x00\x00\x00\x00\x00\x00\x00\x00\x00\x00\x30\x00'\
b'\x30\x00\x30\x00\x30\x00\x30\x00\x30\x00\x30\xe0\x30\xe0\x30\xe0'\
b'\x30\x00\x30\x00\x30\x00\x30\x00\x30\x00\x3f\xf0\x3f\xf0\x00\x00'\
b'\x00\x00\x00\x00\x00\x00\x00\x00\x08\x00\x00\x00\x00\x00\x00\x30'\
b'\x30\x30\x30\x30\x30\x30\x36\x36\x36\x30\x30\x30\x30\x30\x30\x30'\
b'\x00\x00\x00\x00\x00\x00\x00\x00\x0c\x00\x00\x00\x00\x00\x00\x00'\
b'\x00\x00\x00\x00\x00\x00\x30\x00\x30\x00\x30\x00\x30\x00\x31\x00'\
b'\x33\x00\x3e\x00\x3c\x00\x30\x00\xf0\x00\xb0\x00\x30\x00\x30\x00'\
b'\x30\x00\x3f\xf0\x3f\xf0\x00\x00\x00\x00\x00\x00\x00\x00\x00\x00'\
b'\x06\x00\x00\x00\x00\x00\x00\x30\x30\x30\x30\x30\x30\x3c\x38\x70'\
b'\xf0\x30\x30\x30\x30\x30\x30\x30\x00\x00\x00\x00\x00\x00\x00\x00'\
b'\x10\x00\x00\x00\x00\xc0\x01\x80\x03\x00\x00\x00\x00\x00\x38\x0c'\
b'\x3c\x0c\x3c\x0c\x36\x0c\x36\x0c\x33\x0c\x33\x8c\x31\x8c\x31\xcc'\
b'\x30\xcc\x30\xec\x30\x6c\x30\x3c\x30\x3c\x30\x1c\x30\x1c\x00\x00'\
b'\x00\x00\x00\x00\x00\x00\x00\x00\x0e\x00\x00\x00\x00\x00\x00\x00'\
b'\x00\x00\x01\x80\x01\x80\x03\x00\x06\x00\x00\x00\x00\x00\x33\xc0'\
b'\x3f\xe0\x38\x70\x30\x30\x30\x30\x30\x30\x30\x30\x30\x30\x30\x30'\
b'\x30\x30\x30\x30\x30\x30\x00\x00\x00\x00\x00\x00\x00\x00\x00\x00'\
b'\x10\x00\x00\x00\x00\x00\x00\x00\x00\x00\x00\x00\x00\x00\x38\x0c'\
b'\x3c\x0c\x3c\x0c\x36\x0c\x36\x0c\x33\x0c\x33\x8c\x31\x8c\x31\xcc'\
b'\x30\xcc\x30\xec\x30\x6c\x30\x3c\x30\x3c\x30\x1c\x30\x1c\x00\x00'\
b'\x00\x00\x01\x80\x01\x80\x01\x00\x0e\x00\x00\x00\x00\x00\x00\x00'\
b'\x00\x00\x00\x00\x00\x00\x00\x00\x00\x00\x00\x00\x00\x00\x33\xc0'\
b'\x3f\xe0\x38\x70\x30\x30\x30\x30\x30\x30\x30\x30\x30\x30\x30\x30'\
b'\x30\x30\x30\x30\x30\x30\x00\x00\x00\x00\x03\x00\x03\x00\x02\x00'\
b'\x10\x00\x00\x00\x06\x60\x03\x40\x01\xc0\x00\x00\x00\x00\x38\x0c'\
b'\x3c\x0c\x3c\x0c\x36\x0c\x36\x0c\x33\x0c\x33\x8c\x31\x8c\x31\xcc'\
b'\x30\xcc\x30\xec\x30\x6c\x30\x3c\x30\x3c\x30\x1c\x30\x1c\x00\x00'\
b'\x00\x00\x00\x00\x00\x00\x00\x00\x0e\x00\x00\x00\x00\x00\x00\x00'\
b'\x00\x00\x08\x40\x04\x80\x07\x80\x03\x00\x00\x00\x00\x00\x33\xc0'\
b'\x3f\xe0\x38\x70\x30\x30\x30\x30\x30\x30\x30\x30\x30\x30\x30\x30'\
b'\x30\x30\x30\x30\x30\x30\x00\x00\x00\x00\x00\x00\x00\x00\x00\x00'\
b'\x10\x00\x00\x00\x00\x00\x00\x00\x00\x00\x00\x00\x00\x00\x33\xe0'\
b'\x37\xf8\x3e\x38\x38\x1c\x38\x0c\x30\x0c\x30\x0c\x30\x0c\x30\x0c'\
b'\x30\x0c\x30\x0c\x30\x0c\x30\x0c\x30\x0c\x30\x0c\x30\x0c\x00\x0c'\
b'\x00\x1c\x00\x78\x00\x78\x00\x00\x0e\x00\x00\x00\x00\x00\x00\x00'\
b'\x00\x00\x00\x00\x00\x00\x00\x00\x00\x00\x00\x00\x00\x00\x33\xc0'\
b'\x3f\xe0\x38\x70\x30\x30\x30\x30\x30\x30\x30\x30\x30\x30\x30\x30'\
b'\x30\x30\x30\x30\x30\x30\x00\x30\x00\x30\x00\x30\x03\xe0\x03\xe0'\
b'\x11\x00\x00\x00\x00\x00\x00\x00\x00\x00\x00\x07\xf0\x00\x07\xf0'\
b'\x00\x00\x00\x00\x03\xf0\x00\x0f\xf8\x00\x1c\x1c\x00\x38\x0e\x00'\
b'\x30\x06\x00\x30\x07\x00\x70\x03\x00\x70\x03\x00\x70\x03\x00\x70'\
b'\x03\x00\x30\x07\x00\x30\x06\x00\x38\x0e\x00\x1c\x1c\x00\x0f\xf8'\
b'\x00\x03\xf0\x00\x00\x00\x00\x00\x00\x00\x00\x00\x00\x00\x00\x00'\
b'\x00\x00\x00\x00\x00\x00\x00\x00\x0d\x00\x00\x00\x00\x00\x00\x00'\
b'\x00\x00\x00\x00\x00\x00\x0f\xc0\x0f\xc0\x00\x00\x00\x00\x0f\x80'\
b'\x1f\xe0\x38\x60\x30\x30\x60\x30\x60\x30\x60\x30\x60\x30\x30\x30'\
b'\x38\x60\x1f\xe0\x0f\x80\x00\x00\x00\x00\x00\x00\x00\x00\x00\x00'\
b'\x11\x00\x00\x00\x00\x00\x00\x00\x06\x30\x00\x03\xe0\x00\x00\x00'\
b'\x00\x00\x00\x00\x03\xf0\x00\x0f\xf8\x00\x1c\x1c\x00\x38\x0e\x00'\
b'\x30\x06\x00\x30\x07\x00\x70\x03\x00\x70\x03\x00\x70\x03\x00\x70'\
b'\x03\x00\x30\x07\x00\x30\x06\x00\x38\x0e\x00\x1c\x1c\x00\x0f\xf8'\
b'\x00\x03\xf0\x00\x00\x00\x00\x00\x00\x00\x00\x00\x00\x00\x00\x00'\
b'\x00\x00\x00\x00\x00\x00\x00\x00\x0d\x00\x00\x00\x00\x00\x00\x00'\
b'\x00\x00\x18\x40\x08\xc0\x0f\x80\x07\x80\x00\x00\x00\x00\x0f\x80'\
b'\x1f\xe0\x38\x60\x30\x30\x60\x30\x60\x30\x60\x30\x60\x30\x30\x30'\
b'\x38\x60\x1f\xe0\x0f\x80\x00\x00\x00\x00\x00\x00\x00\x00\x00\x00'\
b'\x11\x00\x00\x00\x00\x01\x98\x00\x01\xb0\x00\x03\x20\x00\x00\x00'\
b'\x00\x00\x00\x00\x03\xf0\x00\x0f\xf8\x00\x1c\x1c\x00\x38\x0e\x00'\
b'\x30\x06\x00\x30\x07\x00\x70\x03\x00\x70\x03\x00\x70\x03\x00\x70'\
b'\x03\x00\x30\x07\x00\x30\x06\x00\x38\x0e\x00\x1c\x1c\x00\x0f\xf8'\
b'\x00\x03\xf0\x00\x00\x00\x00\x00\x00\x00\x00\x00\x00\x00\x00\x00'\
b'\x00\x00\x00\x00\x00\x00\x00\x00\x0d\x00\x00\x00\x00\x00\x00\x00'\
b'\x00\x00\x03\x30\x02\x60\x06\x40\x04\xc0\x00\x00\x00\x00\x0f\x80'\
b'\x1f\xe0\x38\x60\x30\x30\x60\x30\x60\x30\x60\x30\x60\x30\x30\x30'\
b'\x38\x60\x1f\xe0\x0f\x80\x00\x00\x00\x00\x00\x00\x00\x00\x00\x00'\
b'\x18\x00\x00\x00\x00\x00\x00\x00\x00\x00\x00\x00\x00\x00\x00\x00'\
b'\x00\x00\x00\x00\x01\xff\xfc\x0f\xff\xfc\x1e\x0c\x00\x38\x0c\x00'\
b'\x30\x0c\x00\x30\x0c\x00\x70\x0c\x00\x70\x0f\xfc\x70\x0f\xfc\x70'\
b'\x0c\x00\x30\x0c\x00\x30\x0c\x00\x38\x0c\x00\x1e\x0c\x00\x0f\xff'\
b'\xfc\x01\xff\xfc\x00\x00\x00\x00\x00\x00\x00\x00\x00\x00\x00\x00'\
b'\x00\x00\x00\x00\x00\x00\x00\x00\x17\x00\x00\x00\x00\x00\x00\x00'\
b'\x00\x00\x00\x00\x00\x00\x00\x00\x00\x00\x00\x00\x00\x00\x00\x00'\
b'\x00\x00\x00\x00\x00\x00\x00\x00\x0f\x87\xe0\x1f\xef\xf0\x38\x7c'\
b'\x38\x30\x38\x18\x60\x30\x18\x60\x3f\xf8\x60\x3f\xf8\x60\x30\x00'\
b'\x30\x38\x00\x38\x7c\x08\x1f\xef\xf8\x0f\x87\xf0\x00\x00\x00\x00'\
b'\x00\x00\x00\x00\x00\x00\x00\x00\x00\x00\x00\x00\x00\x00\x00\x00'\
b'\x0f\x00\x00\x00\x01\x80\x01\x00\x03\x00\x00\x00\x00\x00\x3f\xc0'\
b'\x3f\xf0\x30\x70\x30\x30\x30\x38\x30\x30\x30\x70\x3f\xe0\x3f\xc0'\
b'\x30\x60\x30\x30\x30\x30\x30\x18\x30\x18\x30\x0c\x30\x0c\x00\x00'\
b'\x00\x00\x00\x00\x00\x00\x00\x00\x09\x00\x00\x00\x00\x00\x00\x00'\
b'\x00\x00\x01\x80\x01\x80\x03\x00\x06\x00\x00\x00\x00\x00\x33\x80'\
b'\x3f\x80\x38\x00\x30\x00\x30\x00\x30\x00\x30\x00\x30\x00\x30\x00'\
b'\x30\x00\x30\x00\x30\x00\x00\x00\x00\x00\x00\x00\x00\x00\x00\x00'\
b'\x0f\x00\x00\x00\x00\x00\x00\x00\x00\x00\x00\x00\x00\x00\x3f\xc0'\
b'\x3f\xf0\x30\x70\x30\x30\x30\x38\x30\x30\x30\x70\x3f\xe0\x3f\xc0'\
b'\x30\x60\x30\x30\x30\x30\x30\x18\x30\x18\x30\x0c\x30\x0c\x00\x00'\
b'\x00\x00\x00\xc0\x01\x80\x01\x00\x09\x00\x00\x00\x00\x00\x00\x00'\
b'\x00\x00\x00\x00\x00\x00\x00\x00\x00\x00\x00\x00\x00\x00\x33\x80'\
b'\x3f\x80\x38\x00\x30\x00\x30\x00\x30\x00\x30\x00\x30\x00\x30\x00'\
b'\x30\x00\x30\x00\x30\x00\x00\x00\x00\x00\x30\x00\x30\x00\x20\x00'\
b'\x0f\x00\x00\x00\x0c\xc0\x05\x80\x07\x00\x00\x00\x00\x00\x3f\xc0'\
b'\x3f\xf0\x30\x70\x30\x30\x30\x38\x30\x30\x30\x70\x3f\xe0\x3f\xc0'\
b'\x30\x60\x30\x30\x30\x30\x30\x18\x30\x18\x30\x0c\x30\x0c\x00\x00'\
b'\x00\x00\x00\x00\x00\x00\x00\x00\x09\x00\x00\x00\x00\x00\x00\x00'\
b'\x00\x00\x11\x80\x19\x00\x0f\x00\x06\x00\x00\x00\x00\x00\x33\x80'\
b'\x3f\x80\x38\x00\x30\x00\x30\x00\x30\x00\x30\x00\x30\x00\x30\x00'\
b'\x30\x00\x30\x00\x30\x00\x00\x00\x00\x00\x00\x00\x00\x00\x00\x00'\
b'\x0e\x00\x00\x00\x01\x80\x01\x00\x03\x00\x00\x00\x00\x00\x0f\xc0'\
b'\x1f\xf0\x38\x30\x30\x00\x70\x00\x30\x00\x38\x00\x1f\xc0\x07\xf0'\
b'\x00\x70\x00\x38\x00\x38\x00\x38\x20\x70\x3f\xf0\x1f\xc0\x00\x00'\
b'\x00\x00\x00\x00\x00\x00\x00\x00\x0b\x00\x00\x00\x00\x00\x00\x00'\
b'\x00\x00\x01\x80\x01\x80\x03\x00\x06\x00\x00\x00\x00\x00\x1f\x80'\
b'\x3f\xc0\x70\x40\x60\x00\x70\x00\x3e\x00\x0f\x80\x00\xc0\x00\xc0'\
b'\x40\xc0\x7f\xc0\x1f\x00\x00\x00\x00\x00\x00\x00\x00\x00\x00\x00'\
b'\x0e\x00\x00\x00\x03\x00\x06\x80\x0c\xc0\x00\x00\x00\x00\x0f\xc0'\
b'\x1f\xf0\x38\x30\x30\x00\x70\x00\x30\x00\x38\x00\x1f\xc0\x07\xf0'\
b'\x00\x70\x00\x38\x00\x38\x00\x38\x20\x70\x3f\xf0\x1f\xc0\x00\x00'\
b'\x00\x00\x00\x00\x00\x00\x00\x00\x0b\x00\x00\x00\x00\x00\x00\x00'\
b'\x00\x00\x06\x00\x0f\x00\x19\x00\x11\x80\x00\x00\x00\x00\x1f\x80'\
b'\x3f\xc0\x70\x40\x60\x00\x70\x00\x3e\x00\x0f\x80\x00\xc0\x00\xc0'\
b'\x40\xc0\x7f\xc0\x1f\x00\x00\x00\x00\x00\x00\x00\x00\x00\x00\x00'\
b'\x0e\x00\x00\x00\x00\x00\x00\x00\x00\x00\x00\x00\x00\x00\x0f\xc0'\
b'\x1f\xf0\x38\x30\x30\x00\x70\x00\x30\x00\x38\x00\x1f\xc0\x07\xf0'\
b'\x00\x70\x00\x38\x00\x38\x00\x38\x20\x70\x3f\xf0\x1f\xc0\x01\x00'\
b'\x00\x80\x07\x80\x07\x00\x00\x00\x0b\x00\x00\x00\x00\x00\x00\x00'\
b'\x00\x00\x00\x00\x00\x00\x00\x00\x00\x00\x00\x00\x00\x00\x1f\x80'\
b'\x3f\xc0\x70\x40\x60\x00\x70\x00\x3e\x00\x0f\x80\x00\xc0\x00\xc0'\
b'\x40\xc0\x7f\xc0\x1f\x00\x02\x00\x03\x00\x1f\x00\x1e\x00\x00\x00'\
b'\x0e\x00\x00\x00\x0c\xc0\x07\x80\x03\x00\x00\x00\x00\x00\x0f\xc0'\
b'\x1f\xf0\x38\x30\x30\x00\x70\x00\x30\x00\x38\x00\x1f\xc0\x07\xf0'\
b'\x00\x70\x00\x38\x00\x38\x00\x38\x20\x70\x3f\xf0\x1f\xc0\x00\x00'\
b'\x00\x00\x00\x00\x00\x00\x00\x00\x0b\x00\x00\x00\x00\x00\x00\x00'\
b'\x00\x00\x10\x80\x09\x00\x0f\x00\x06\x00\x00\x00\x00\x00\x1f\x80'\
b'\x3f\xc0\x70\x40\x60\x00\x70\x00\x3e\x00\x0f\x80\x00\xc0\x00\xc0'\
b'\x40\xc0\x7f\xc0\x1f\x00\x00\x00\x00\x00\x00\x00\x00\x00\x00\x00'\
b'\x0e\x00\x00\x00\x00\x00\x00\x00\x00\x00\x00\x00\x00\x00\xff\xfc'\
b'\xff\xfc\x03\x00\x03\x00\x03\x00\x03\x00\x03\x00\x03\x00\x03\x00'\
b'\x03\x00\x03\x00\x03\x00\x03\x00\x03\x00\x03\x00\x03\x00\x03\x00'\
b'\x01\x00\x0f\x00\x0f\x00\x00\x00\x09\x00\x00\x00\x00\x00\x00\x00'\
b'\x00\x00\x00\x00\x00\x00\x00\x00\x30\x00\x30\x00\x30\x00\x7f\x00'\
b'\x7f\x00\x30\x00\x30\x00\x30\x00\x30\x00\x30\x00\x30\x00\x30\x00'\
b'\x30\x00\x3f\x00\x1f\x00\x06\x00\x02\x00\x1e\x00\x1e\x00\x00\x00'\
b'\x0e\x00\x00\x00\x08\xc0\x05\x80\x07\x00\x00\x00\x00\x00\xff\xfc'\
b'\xff\xfc\x03\x00\x03\x00\x03\x00\x03\x00\x03\x00\x03\x00\x03\x00'\
b'\x03\x00\x03\x00\x03\x00\x03\x00\x03\x00\x03\x00\x03\x00\x00\x00'\
b'\x00\x00\x00\x00\x00\x00\x00\x00\x09\x00\x00\x00\x00\x00\x00\x00'\
b'\x00\x00\x03\x00\x03\x00\x02\x00\x36\x00\x30\x00\x30\x00\x7f\x00'\
b'\x7f\x00\x30\x00\x30\x00\x30\x00\x30\x00\x30\x00\x30\x00\x30\x00'\
b'\x30\x00\x3f\x00\x1f\x00\x00\x00\x00\x00\x00\x00\x00\x00\x00\x00'\
b'\x0e\x00\x00\x00\x00\x00\x00\x00\x00\x00\x00\x00\x00\x00\xff\xfc'\
b'\xff\xfc\x03\x00\x03\x00\x03\x00\x03\x00\x03\x00\x03\x00\x1f\xe0'\
b'\x1f\xe0\x03\x00\x03\x00\x03\x00\x03\x00\x03\x00\x03\x00\x00\x00'\
b'\x00\x00\x00\x00\x00\x00\x00\x00\x09\x00\x00\x00\x00\x00\x00\x00'\
b'\x00\x00\x00\x00\x00\x00\x00\x00\x30\x00\x30\x00\x30\x00\x7f\x00'\
b'\x7f\x00\x30\x00\x30\x00\x30\x00\x7f\x00\x7f\x00\x30\x00\x30\x00'\
b'\x30\x00\x3f\x00\x1f\x00\x00\x00\x00\x00\x00\x00\x00\x00\x00\x00'\
b'\x10\x00\x00\x00\x00\x00\x07\x30\x04\xe0\x00\x00\x00\x00\x30\x0c'\
b'\x30\x0c\x30\x0c\x30\x0c\x30\x0c\x30\x0c\x30\x0c\x30\x0c\x30\x0c'\
b'\x30\x0c\x30\x0c\x30\x0c\x38\x1c\x1c\x38\x0f\xf8\x07\xe0\x00\x00'\
b'\x00\x00\x00\x00\x00\x00\x00\x00\x0e\x00\x00\x00\x00\x00\x00\x00'\
b'\x00\x00\x00\x00\x0e\x40\x0b\x40\x19\xc0\x00\x00\x00\x00\x30\x30'\
b'\x30\x30\x30\x30\x30\x30\x30\x30\x30\x30\x30\x30\x30\x30\x30\x30'\
b'\x38\x70\x1f\xf0\x0f\x30\x00\x00\x00\x00\x00\x00\x00\x00\x00\x00'\
b'\x10\x00\x00\x00\x00\x00\x00\x00\x07\xe0\x07\xe0\x00\x00\x30\x0c'\
b'\x30\x0c\x30\x0c\x30\x0c\x30\x0c\x30\x0c\x30\x0c\x30\x0c\x30\x0c'\
b'\x30\x0c\x30\x0c\x30\x0c\x38\x1c\x1c\x38\x0f\xf8\x07\xe0\x00\x00'\
b'\x00\x00\x00\x00\x00\x00\x00\x00\x0e\x00\x00\x00\x00\x00\x00\x00'\
b'\x00\x00\x00\x00\x00\x00\x0f\xc0\x0f\xc0\x00\x00\x00\x00\x30\x30'\
b'\x30\x30\x30\x30\x30\x30\x30\x30\x30\x30\x30\x30\x30\x30\x30\x30'\
b'\x38\x70\x1f\xf0\x0f\x30\x00\x00\x00\x00\x00\x00\x00\x00\x00\x00'\
b'\x10\x00\x00\x00\x00\x00\x04\x20\x03\xc0\x00\x00\x00\x00\x30\x0c'\
b'\x30\x0c\x30\x0c\x30\x0c\x30\x0c\x30\x0c\x30\x0c\x30\x0c\x30\x0c'\
b'\x30\x0c\x30\x0c\x30\x0c\x38\x1c\x1c\x38\x0f\xf8\x07\xe0\x00\x00'\
b'\x00\x00\x00\x00\x00\x00\x00\x00\x0e\x00\x00\x00\x00\x00\x00\x00'\
b'\x00\x00\x08\x40\x08\xc0\x0f\xc0\x07\x80\x00\x00\x00\x00\x30\x30'\
b'\x30\x30\x30\x30\x30\x30\x30\x30\x30\x30\x30\x30\x30\x30\x30\x30'\
b'\x38\x70\x1f\xf0\x0f\x30\x00\x00\x00\x00\x00\x00\x00\x00\x00\x00'\
b'\x10\x00\x00\x00\x00\x00\x03\xc0\x02\x60\x04\x20\x04\x20\x32\x6c'\
b'\x33\xcc\x30\x0c\x30\x0c\x30\x0c\x30\x0c\x30\x0c\x30\x0c\x30\x0c'\
b'\x30\x0c\x30\x0c\x30\x0c\x38\x1c\x1c\x38\x0f\xf8\x07\xe0\x00\x00'\
b'\x00\x00\x00\x00\x00\x00\x00\x00\x0e\x00\x00\x00\x00\x00\x00\x00'\
b'\x00\x00\x07\x00\x0c\x80\x08\xc0\x08\xc0\x0c\x80\x07\x00\x30\x30'\
b'\x30\x30\x30\x30\x30\x30\x30\x30\x30\x30\x30\x30\x30\x30\x30\x30'\
b'\x38\x70\x1f\xf0\x0f\x30\x00\x00\x00\x00\x00\x00\x00\x00\x00\x00'\
b'\x10\x00\x00\x00\x01\xb0\x03\x30\x06\x60\x00\x00\x00\x00\x30\x0c'\
b'\x30\x0c\x30\x0c\x30\x0c\x30\x0c\x30\x0c\x30\x0c\x30\x0c\x30\x0c'\
b'\x30\x0c\x30\x0c\x30\x0c\x38\x1c\x1c\x38\x0f\xf8\x07\xe0\x00\x00'\
b'\x00\x00\x00\x00\x00\x00\x00\x00\x0e\x00\x00\x00\x00\x00\x00\x00'\
b'\x00\x00\x03\x30\x02\x60\x06\x40\x04\xc0\x00\x00\x00\x00\x30\x30'\
b'\x30\x30\x30\x30\x30\x30\x30\x30\x30\x30\x30\x30\x30\x30\x30\x30'\
b'\x38\x70\x1f\xf0\x0f\x30\x00\x00\x00\x00\x00\x00\x00\x00\x00\x00'\
b'\x10\x00\x00\x00\x00\x00\x00\x00\x00\x00\x00\x00\x00\x00\x30\x0c'\
b'\x30\x0c\x30\x0c\x30\x0c\x30\x0c\x30\x0c\x30\x0c\x30\x0c\x30\x0c'\
b'\x30\x0c\x30\x0c\x30\x0c\x38\x1c\x1c\x38\x0f\xf8\x07\xe0\x01\x00'\
b'\x03\x00\x03\xc0\x01\xc0\x00\x00\x0e\x00\x00\x00\x00\x00\x00\x00'\
b'\x00\x00\x00\x00\x00\x00\x00\x00\x00\x00\x00\x00\x00\x00\x30\x30'\
b'\x30\x30\x30\x30\x30\x30\x30\x30\x30\x30\x30\x30\x30\x30\x30\x30'\
b'\x38\x70\x1f\xf0\x0f\x30\x00\x20\x00\x20\x00\x3c\x00\x3c\x00\x00'\
b'\x16\x00\x00\x00\x00\x00\x70\x00\x00\x58\x00\x00\xcc\x00\x00\x00'\
b'\x00\x00\x00\x00\x60\x30\x18\x60\x70\x38\x70\x78\x30\x30\x78\x30'\
b'\x30\x58\x30\x30\xc8\x70\x38\xcc\x60\x18\xcc\x60\x18\x8c\x60\x19'\
b'\x84\xe0\x1d\x86\xc0\x0d\x86\xc0\x0d\x06\xc0\x0f\x03\xc0\x0f\x03'\
b'\x80\x07\x03\x80\x00\x00\x00\x00\x00\x00\x00\x00\x00\x00\x00\x00'\
b'\x00\x00\x00\x00\x00\x00\x00\x00\x12\x00\x00\x00\x00\x00\x00\x00'\
b'\x00\x00\x00\x00\x00\x00\x00\xc0\x00\x01\xe0\x00\x01\x20\x00\x02'\
b'\x10\x00\x00\x00\x00\x00\x00\x00\x60\xc1\x80\x61\xe1\x80\x31\xe3'\
b'\x00\x31\xe3\x00\x31\x23\x00\x33\x33\x00\x1b\x36\x00\x1b\x36\x00'\
b'\x1a\x16\x00\x1e\x1e\x00\x0e\x1c\x00\x0e\x1c\x00\x00\x00\x00\x00'\
b'\x00\x00\x00\x00\x00\x00\x00\x00\x00\x00\x00\x00\x00\x00\x00\x00'\
b'\x0d\x00\x00\x00\x07\x00\x05\x80\x08\xc0\x00\x00\x00\x00\xe0\x18'\
b'\x60\x30\x30\x70\x38\x60\x18\xc0\x0d\xc0\x0f\x80\x07\x00\x03\x00'\
b'\x03\x00\x03\x00\x03\x00\x03\x00\x03\x00\x03\x00\x03\x00\x00\x00'\
b'\x00\x00\x00\x00\x00\x00\x00\x00\x0d\x00\x00\x00\x00\x00\x00\x00'\
b'\x00\x00\x07\x00\x05\x00\x0d\x80\x18\xc0\x00\x00\x00\x00\x60\x30'\
b'\x60\x30\x30\x60\x30\x60\x18\xe0\x18\xc0\x18\xc0\x0d\x80\x0d\x80'\
b'\x07\x80\x07\x00\x07\x00\x06\x00\x06\x00\x0e\x00\x3c\x00\x38\x00'\
b'\x0d\x00\x00\x00\x00\x00\x0c\xc0\x0c\xc0\x00\x00\x00\x00\xe0\x18'\
b'\x60\x30\x30\x70\x38\x60\x18\xc0\x0d\xc0\x0f\x80\x07\x00\x03\x00'\
b'\x03\x00\x03\x00\x03\x00\x03\x00\x03\x00\x03\x00\x03\x00\x00\x00'\
b'\x00\x00\x00\x00\x00\x00\x00\x00\x0f\x00\x00\x00\x01\x80\x01\x00'\
b'\x03\x00\x00\x00\x00\x00\x7f\xfc\x7f\xfc\x00\x18\x00\x30\x00\x60'\
b'\x00\xe0\x01\xc0\x01\x80\x03\x00\x06\x00\x0e\x00\x1c\x00\x18\x00'\
b'\x30\x00\x7f\xfc\x7f\xfc\x00\x00\x00\x00\x00\x00\x00\x00\x00\x00'\
b'\x0c\x00\x00\x00\x00\x00\x00\x00\x00\x00\x01\x80\x01\x80\x03\x00'\
b'\x06\x00\x00\x00\x00\x00\x7f\xe0\x7f\xe0\x00\xc0\x01\x80\x03\x00'\
b'\x06\x00\x0c\x00\x18\x00\x18\x00\x30\x00\x7f\xe0\x7f\xe0\x00\x00'\
b'\x00\x00\x00\x00\x00\x00\x00\x00\x0f\x00\x00\x00\x00\x00\x03\x80'\
b'\x03\x80\x00\x00\x00\x00\x7f\xfc\x7f\xfc\x00\x18\x00\x30\x00\x60'\
b'\x00\xe0\x01\xc0\x01\x80\x03\x00\x06\x00\x0e\x00\x1c\x00\x18\x00'\
b'\x30\x00\x7f\xfc\x7f\xfc\x00\x00\x00\x00\x00\x00\x00\x00\x00\x00'\
b'\x0c\x00\x00\x00\x00\x00\x00\x00\x00\x00\x00\x00\x06\x00\x06\x00'\
b'\x06\x00\x00\x00\x00\x00\x7f\xe0\x7f\xe0\x00\xc0\x01\x80\x03\x00'\
b'\x06\x00\x0c\x00\x18\x00\x18\x00\x30\x00\x7f\xe0\x7f\xe0\x00\x00'\
b'\x00\x00\x00\x00\x00\x00\x00\x00\x0f\x00\x00\x00\x04\x40\x06\xc0'\
b'\x03\x80\x00\x00\x00\x00\x7f\xfc\x7f\xfc\x00\x18\x00\x30\x00\x60'\
b'\x00\xe0\x01\xc0\x01\x80\x03\x00\x06\x00\x0e\x00\x1c\x00\x18\x00'\
b'\x30\x00\x7f\xfc\x7f\xfc\x00\x00\x00\x00\x00\x00\x00\x00\x00\x00'\
b'\x0c\x00\x00\x00\x00\x00\x00\x00\x00\x00\x11\x80\x19\x00\x0f\x00'\
b'\x06\x00\x00\x00\x00\x00\x7f\xe0\x7f\xe0\x00\xc0\x01\x80\x03\x00'\
b'\x06\x00\x0c\x00\x18\x00\x18\x00\x30\x00\x7f\xe0\x7f\xe0\x00\x00'\
b'\x00\x00\x00\x00\x00\x00\x00\x00\x0f\x00\x00\x00\x00\x00\x00\x00'\
b'\x00\x00\x1c\x00\x18\x00\x33\x80\x63\x80\x06\xc0\x06\xc0\x06\xc0'\
b'\x0c\x60\x0c\x60\x1c\x30\x18\x30\x18\x30\x3f\xf8\x3f\xf8\x30\x1c'\
b'\x60\x0c\x60\x0c\xe0\x0e\x00\x00\x00\x00\x00\x00\x00\x00\x00\x00'\
b'\x10\x00\x00\x00\x00\x00\x00\x00\x00\x00\x30\x00\x30\x00\x67\xfe'\
b'\xc7\xfe\x06\x00\x06\x00\x06\x00\x06\x00\x06\x00\x07\xfc\x07\xfc'\
b'\x06\x00\x06\x00\x06\x00\x06\x00\x06\x00\x07\xfe\x07\xfe\x00\x00'\
b'\x00\x00\x00\x00\x00\x00\x00\x00\x13\x00\x00\x00\x00\x00\x00\x00'\
b'\x00\x00\x00\x00\x00\x00\x38\x00\x00\x30\x00\x00\x66\x01\x80\xc6'\
b'\x01\x80\x06\x01\x80\x06\x01\x80\x06\x01\x80\x06\x01\x80\x06\x01'\
b'\x80\x07\xff\x80\x07\xff\x80\x06\x01\x80\x06\x01\x80\x06\x01\x80'\
b'\x06\x01\x80\x06\x01\x80\x06\x01\x80\x06\x01\x80\x00\x00\x00\x00'\
b'\x00\x00\x00\x00\x00\x00\x00\x00\x00\x00\x00\x00\x00\x00\x00\x00'\
b'\x09\x00\x00\x00\x00\x00\x00\x00\x00\x00\x38\x00\x30\x00\x66\x00'\
b'\xc6\x00\x06\x00\x06\x00\x06\x00\x06\x00\x06\x00\x06\x00\x06\x00'\
b'\x06\x00\x06\x00\x06\x00\x06\x00\x06\x00\x06\x00\x06\x00\x00\x00'\
b'\x00\x00\x00\x00\x00\x00\x00\x00\x12\x00\x00\x00\x00\x00\x00\x00'\
b'\x00\x00\x00\x00\x00\x00\x38\x00\x00\x30\x00\x00\x63\xf0\x00\xcf'\
b'\xfc\x00\x1e\x1e\x00\x18\x06\x00\x38\x07\x00\x30\x03\x00\x30\x03'\
b'\x00\x30\x03\x80\x30\x03\x80\x30\x03\x00\x30\x03\x00\x38\x07\x00'\
b'\x18\x06\x00\x1e\x1e\x00\x0f\xfc\x00\x03\xf0\x00\x00\x00\x00\x00'\
b'\x00\x00\x00\x00\x00\x00\x00\x00\x00\x00\x00\x00\x00\x00\x00\x00'\
b'\x12\x00\x00\x00\x00\x00\x00\x00\x00\x00\x00\x00\x00\x00\x30\x00'\
b'\x00\x30\x00\x00\x66\x01\xc0\xc3\x01\x80\x03\x83\x00\x01\x87\x00'\
b'\x00\xc6\x00\x00\xec\x00\x00\x7c\x00\x00\x38\x00\x00\x30\x00\x00'\
b'\x30\x00\x00\x30\x00\x00\x30\x00\x00\x30\x00\x00\x30\x00\x00\x30'\
b'\x00\x00\x30\x00\x00\x00\x00\x00\x00\x00\x00\x00\x00\x00\x00\x00'\
b'\x00\x00\x00\x00\x00\x00\x00\x00\x12\x00\x00\x00\x00\x00\x00\x00'\
b'\x00\x00\x00\x00\x00\x00\x30\x00\x00\x60\x00\x00\x63\xf0\x00\xcf'\
b'\xfc\x00\x1e\x1e\x00\x18\x06\x00\x38\x07\x00\x30\x03\x00\x30\x03'\
b'\x00\x30\x03\x00\x30\x03\x00\x30\x03\x00\x30\x07\x00\x18\x06\x00'\
b'\x1c\x0e\x00\x0e\x1c\x00\x7f\x3f\x80\x7f\x3f\x80\x00\x00\x00\x00'\
b'\x00\x00\x00\x00\x00\x00\x00\x00\x00\x00\x00\x00\x00\x00\x00\x00'\
b'\x0f\x00\x00\x00\x00\x00\x00\x00\x00\x00\x00\x00\x00\x00\x03\x80'\
b'\x03\x80\x06\xc0\x06\xc0\x06\xc0\x0c\x60\x0c\x60\x1c\x30\x18\x30'\
b'\x18\x30\x3f\xf8\x3f\xf8\x30\x1c\x60\x0c\x60\x0c\xe0\x0e\x00\x00'\
b'\x00\x00\x00\x00\x00\x00\x00\x00\x0f\x00\x00\x00\x00\x00\x00\x00'\
b'\x00\x00\x00\x00\x00\x00\x3f\xe0\x3f\xf0\x30\x38\x30\x18\x30\x18'\
b'\x30\x18\x30\x30\x3f\xe0\x3f\xf0\x30\x38\x30\x18\x30\x1c\x30\x18'\
b'\x30\x38\x3f\xf8\x3f\xe0\x00\x00\x00\x00\x00\x00\x00\x00\x00\x00'\
b'\x0c\x00\x00\x00\x00\x00\x00\x00\x00\x00\x00\x00\x00\x00\x3f\xf0'\
b'\x3f\xf0\x30\x00\x30\x00\x30\x00\x30\x00\x30\x00\x30\x00\x30\x00'\
b'\x30\x00\x30\x00\x30\x00\x30\x00\x30\x00\x30\x00\x30\x00\x00\x00'\
b'\x00\x00\x00\x00\x00\x00\x00\x00\x0f\x00\x00\x00\x00\x00\x00\x00'\
b'\x00\x00\x00\x00\x00\x00\x03\x80\x03\x80\x06\xc0\x06\xc0\x06\xc0'\
b'\x0c\x60\x0c\x60\x18\x30\x18\x30\x18\x30\x30\x18\x30\x18\x30\x1c'\
b'\x60\x0c\x7f\xfc\xff\xfe\x00\x00\x00\x00\x00\x00\x00\x00\x00\x00'\
b'\x0e\x00\x00\x00\x00\x00\x00\x00\x00\x00\x00\x00\x00\x00\x3f\xf0'\
b'\x3f\xf0\x30\x00\x30\x00\x30\x00\x30\x00\x30\x00\x3f\xf0\x3f\xf0'\
b'\x30\x00\x30\x00\x30\x00\x30\x00\x30\x00\x3f\xf8\x3f\xf8\x00\x00'\
b'\x00\x00\x00\x00\x00\x00\x00\x00\x0f\x00\x00\x00\x00\x00\x00\x00'\
b'\x00\x00\x00\x00\x00\x00\x7f\xfc\x7f\xfc\x00\x18\x00\x30\x00\x60'\
b'\x00\xe0\x01\xc0\x01\x80\x03\x00\x06\x00\x0e\x00\x1c\x00\x18\x00'\
b'\x30\x00\x7f\xfc\x7f\xfc\x00\x00\x00\x00\x00\x00\x00\x00\x00\x00'\
b'\x11\x00\x00\x00\x00\x00\x00\x00\x00\x00\x00\x00\x00\x00\x00\x00'\
b'\x00\x00\x00\x00\x30\x0c\x00\x30\x0c\x00\x30\x0c\x00\x30\x0c\x00'\
b'\x30\x0c\x00\x30\x0c\x00\x30\x0c\x00\x3f\xfc\x00\x3f\xfc\x00\x30'\
b'\x0c\x00\x30\x0c\x00\x30\x0c\x00\x30\x0c\x00\x30\x0c\x00\x30\x0c'\
b'\x00\x30\x0c\x00\x00\x00\x00\x00\x00\x00\x00\x00\x00\x00\x00\x00'\
b'\x00\x00\x00\x00\x00\x00\x00\x00\x11\x00\x00\x00\x00\x00\x00\x00'\
b'\x00\x00\x00\x00\x00\x00\x00\x00\x00\x00\x00\x00\x03\xf0\x00\x0f'\
b'\xf8\x00\x1c\x1c\x00\x38\x0e\x00\x30\x06\x00\x30\x07\x00\x70\x03'\
b'\x00\x77\xf3\x00\x77\xf3\x00\x70\x03\x00\x30\x07\x00\x30\x06\x00'\
b'\x38\x0e\x00\x1c\x1c\x00\x0f\xf8\x00\x03\xf0\x00\x00\x00\x00\x00'\
b'\x00\x00\x00\x00\x00\x00\x00\x00\x00\x00\x00\x00\x00\x00\x00\x00'\
b'\x06\x00\x00\x00\x00\x00\x00\x00\x30\x30\x30\x30\x30\x30\x30\x30'\
b'\x30\x30\x30\x30\x30\x30\x30\x30\x00\x00\x00\x00\x00\x00\x00\x00'\
b'\x0e\x00\x00\x00\x00\x00\x00\x00\x00\x00\x00\x00\x00\x00\x30\x1c'\
b'\x30\x38\x30\x70\x30\xe0\x31\xc0\x33\x00\x36\x00\x3c\x00\x36\x00'\
b'\x33\x00\x31\x80\x30\xc0\x30\x60\x30\x30\x30\x18\x30\x0c\x00\x00'\
b'\x00\x00\x00\x00\x00\x00\x00\x00\x0f\x00\x00\x00\x00\x00\x00\x00'\
b'\x00\x00\x00\x00\x00\x00\x03\x80\x03\x80\x06\xc0\x06\xc0\x06\xc0'\
b'\x0c\x60\x0c\x60\x1c\x30\x18\x30\x18\x30\x30\x18\x30\x18\x30\x1c'\
b'\x60\x0c\x60\x0c\xe0\x0e\x00\x00\x00\x00\x00\x00\x00\x00\x00\x00'\
b'\x13\x00\x00\x00\x00\x00\x00\x00\x00\x00\x00\x00\x00\x00\x00\x00'\
b'\x00\x00\x00\x00\x3c\x07\x80\x3c\x07\x80\x3c\x07\x80\x36\x0d\x80'\
b'\x36\x0d\x80\x32\x09\x80\x33\x19\x80\x33\x19\x80\x31\xb1\x80\x31'\
b'\xb1\x80\x31\xb1\x80\x30\xe1\x80\x30\xe1\x80\x30\x01\x80\x30\x01'\
b'\x80\x30\x01\x80\x00\x00\x00\x00\x00\x00\x00\x00\x00\x00\x00\x00'\
b'\x00\x00\x00\x00\x00\x00\x00\x00\x10\x00\x00\x00\x00\x00\x00\x00'\
b'\x00\x00\x00\x00\x00\x00\x38\x0c\x3c\x0c\x3c\x0c\x36\x0c\x36\x0c'\
b'\x33\x0c\x33\x8c\x31\x8c\x31\xcc\x30\xcc\x30\xec\x30\x6c\x30\x3c'\
b'\x30\x3c\x30\x1c\x30\x1c\x00\x00\x00\x00\x00\x00\x00\x00\x00\x00'\
b'\x0e\x00\x00\x00\x00\x00\x00\x00\x00\x00\x00\x00\x00\x00\x3f\xf0'\
b'\x3f\xf0\x00\x00\x00\x00\x00\x00\x00\x00\x00\x00\x1f\xe0\x1f\xe0'\
b'\x00\x00\x00\x00\x00\x00\x00\x00\x00\x00\x3f\xf0\x3f\xf0\x00\x00'\
b'\x00\x00\x00\x00\x00\x00\x00\x00\x11\x00\x00\x00\x00\x00\x00\x00'\
b'\x00\x00\x00\x00\x00\x00\x00\x00\x00\x00\x00\x00\x03\xf0\x00\x0f'\
b'\xf8\x00\x1c\x1c\x00\x38\x0e\x00\x30\x06\x00\x30\x07\x00\x70\x03'\
b'\x00\x70\x03\x00\x70\x03\x00\x70\x03\x00\x30\x07\x00\x30\x06\x00'\
b'\x38\x0e\x00\x1c\x1c\x00\x0f\xf8\x00\x03\xf0\x00\x00\x00\x00\x00'\
b'\x00\x00\x00\x00\x00\x00\x00\x00\x00\x00\x00\x00\x00\x00\x00\x00'\
b'\x11\x00\x00\x00\x00\x00\x00\x00\x00\x00\x00\x00\x00\x00\x00\x00'\
b'\x00\x00\x00\x00\x3f\xfc\x00\x3f\xfc\x00\x30\x0c\x00\x30\x0c\x00'\
b'\x30\x0c\x00\x30\x0c\x00\x30\x0c\x00\x30\x0c\x00\x30\x0c\x00\x30'\
b'\x0c\x00\x30\x0c\x00\x30\x0c\x00\x30\x0c\x00\x30\x0c\x00\x30\x0c'\
b'\x00\x30\x0c\x00\x00\x00\x00\x00\x00\x00\x00\x00\x00\x00\x00\x00'\
b'\x00\x00\x00\x00\x00\x00\x00\x00\x0d\x00\x00\x00\x00\x00\x00\x00'\
b'\x00\x00\x00\x00\x00\x00\x3f\xc0\x3f\xe0\x30\x70\x30\x30\x30\x38'\
b'\x30\x38\x30\x30\x30\x70\x3f\xe0\x3f\xc0\x30\x00\x30\x00\x30\x00'\
b'\x30\x00\x30\x00\x30\x00\x00\x00\x00\x00\x00\x00\x00\x00\x00\x00'\
b'\x0e\x00\x00\x00\x00\x00\x00\x00\x00\x00\x00\x00\x00\x00\x3f\xf0'\
b'\x3f\xf0\x18\x00\x0c\x00\x0e\x00\x07\x00\x03\x80\x01\xc0\x01\x80'\
b'\x03\x00\x06\x00\x0e\x00\x1c\x00\x18\x00\x3f\xf8\x3f\xf8\x00\x00'\
b'\x00\x00\x00\x00\x00\x00\x00\x00\x0e\x00\x00\x00\x00\x00\x00\x00'\
b'\x00\x00\x00\x00\x00\x00\xff\xfc\xff\xfc\x03\x00\x03\x00\x03\x00'\
b'\x03\x00\x03\x00\x03\x00\x03\x00\x03\x00\x03\x00\x03\x00\x03\x00'\
b'\x03\x00\x03\x00\x03\x00\x00\x00\x00\x00\x00\x00\x00\x00\x00\x00'\
b'\x0d\x00\x00\x00\x00\x00\x00\x00\x00\x00\x00\x00\x00\x00\xe0\x18'\
b'\x60\x30\x30\x70\x38\x60\x18\xc0\x0d\xc0\x0f\x80\x07\x00\x03\x00'\
b'\x03\x00\x03\x00\x03\x00\x03\x00\x03\x00\x03\x00\x03\x00\x00\x00'\
b'\x00\x00\x00\x00\x00\x00\x00\x00\x11\x00\x00\x00\x00\x00\x00\x00'\
b'\x00\x00\x00\x00\x00\x00\x00\x00\x00\x00\x00\x00\x00\xc0\x00\x00'\
b'\xc0\x00\x07\xf0\x00\x1f\xfc\x00\x3c\xce\x00\x30\xc7\x00\x70\xc3'\
b'\x00\x70\xc3\x00\x70\xc3\x00\x70\xc3\x00\x30\xc7\x00\x3c\xce\x00'\
b'\x1f\xfc\x00\x07\xf0\x00\x00\xc0\x00\x00\xc0\x00\x00\x00\x00\x00'\
b'\x00\x00\x00\x00\x00\x00\x00\x00\x00\x00\x00\x00\x00\x00\x00\x00'\
b'\x0f\x00\x00\x00\x00\x00\x00\x00\x00\x00\x00\x00\x00\x00\x30\x1c'\
b'\x38\x18\x18\x30\x0c\x70\x0e\x60\x06\xc0\x03\xc0\x03\x80\x03\x80'\
b'\x06\xc0\x0e\xe0\x0c\x60\x18\x30\x38\x38\x30\x18\x60\x0c\x00\x00'\
b'\x00\x00\x00\x00\x00\x00\x00\x00\x11\x00\x00\x00\x00\x00\x00\x00'\
b'\x00\x00\x00\x00\x00\x00\x00\x00\x00\x00\x00\x00\x70\xc3\x00\x70'\
b'\xc3\x00\x70\xc3\x00\x70\xc3\x00\x70\xc3\x00\x70\xc3\x00\x70\xc3'\
b'\x00\x30\xc7\x00\x30\xc6\x00\x38\xce\x00\x1c\xdc\x00\x0f\xf8\x00'\
b'\x03\xf0\x00\x00\xc0\x00\x00\xc0\x00\x00\xc0\x00\x00\x00\x00\x00'\
b'\x00\x00\x00\x00\x00\x00\x00\x00\x00\x00\x00\x00\x00\x00\x00\x00'\
b'\x11\x00\x00\x00\x00\x00\x00\x00\x00\x00\x00\x00\x00\x00\x00\x00'\
b'\x00\x00\x00\x00\x07\xe0\x00\x0f\xf8\x00\x1c\x1c\x00\x38\x0e\x00'\
b'\x30\x06\x00\x70\x07\x00\x60\x03\x00\x60\x03\x00\x60\x07\x00\x70'\
b'\x07\x00\x30\x06\x00\x30\x0e\x00\x18\x0c\x00\x0c\x38\x00\x7e\x3f'\
b'\x00\x7e\x3f\x00\x00\x00\x00\x00\x00\x00\x00\x00\x00\x00\x00\x00'\
b'\x00\x00\x00\x00\x00\x00\x00\x00\x0f\x00\x00\x00\x00\x00\x00\x00'\
b'\x00\x00\x00\xc0\x01\x80\x03\x00\x02\x00\x00\x00\x00\x00\x0f\x18'\
b'\x1f\x98\x38\xf0\x30\xf0\x60\x60\x60\x60\x60\x60\x60\x60\x30\xe0'\
b'\x38\xf0\x1f\xf8\x0f\x18\x00\x00\x00\x00\x00\x00\x00\x00\x00\x00'\
b'\x0c\x00\x00\x00\x00\x00\x00\x00\x00\x00\x01\xc0\x01\x80\x03\x00'\
b'\x06\x00\x00\x00\x00\x00\x0f\x80\x3f\xc0\x30\x40\x30\x00\x30\x00'\
b'\x0f\x00\x3f\x00\x30\x00\x60\x00\x30\x40\x3f\xc0\x0f\x80\x00\x00'\
b'\x00\x00\x00\x00\x00\x00\x00\x00\x0e\x00\x00\x00\x00\x00\x00\x00'\
b'\x00\x00\x00\x60\x00\xc0\x01\x80\x03\x00\x00\x00\x00\x00\x33\xc0'\
b'\x3f\xe0\x38\x70\x30\x30\x30\x30\x30\x30\x30\x30\x30\x30\x30\x30'\
b'\x30\x30\x30\x30\x30\x30\x00\x30\x00\x30\x00\x30\x00\x30\x00\x30'\
b'\x07\x00\x00\x00\x00\x00\x06\x0c\x18\x30\x00\x00\x30\x30\x30\x30'\
b'\x30\x30\x30\x30\x30\x30\x3e\x1e\x00\x00\x00\x00\x00\x00\x00\x00'\
b'\x0f\x00\x00\x00\x00\x00\x00\x00\x00\x00\x00\x00\x00\x00\x00\x00'\
b'\x00\x00\x00\x00\x00\x00\x0f\x18\x1f\x98\x38\xf0\x30\xf0\x60\x60'\
b'\x60\x60\x60\x60\x60\x60\x30\xe0\x38\xf0\x1f\xf8\x0f\x18\x00\x00'\
b'\x00\x00\x00\x00\x00\x00\x00\x00\x0e\x00\x00\x00\x00\x00\x00\x00'\
b'\x00\x00\x00\x00\x0f\x80\x1f\xe0\x38\x60\x30\x60\x30\x60\x30\x60'\
b'\x30\xe0\x37\xc0\x37\xe0\x30\x70\x30\x30\x30\x30\x30\x30\x30\x30'\
b'\x38\x70\x3f\xe0\x37\xc0\x30\x00\x30\x00\x30\x00\x30\x00\x30\x00'\
b'\x0d\x00\x00\x00\x00\x00\x00\x00\x00\x00\x00\x00\x00\x00\x00\x00'\
b'\x00\x00\x00\x00\x00\x00\xe0\x30\xf0\x30\x30\x60\x10\x60\x18\xe0'\
b'\x18\xc0\x0c\xc0\x0d\x80\x0d\x80\x07\x80\x07\x00\x07\x00\x03\x00'\
b'\x03\x00\x03\x00\x03\x00\x03\x00\x0d\x00\x00\x00\x00\x00\x00\x00'\
b'\x00\x00\x00\x00\x0f\xc0\x1f\xe0\x38\x20\x30\x00\x1c\x00\x0f\xc0'\
b'\x1b\xe0\x30\x70\x30\x30\x60\x30\x60\x30\x60\x30\x70\x30\x30\x70'\
b'\x38\x60\x1f\xe0\x0f\x80\x00\x00\x00\x00\x00\x00\x00\x00\x00\x00'\
b'\x0c\x00\x00\x00\x00\x00\x00\x00\x00\x00\x00\x00\x00\x00\x00\x00'\
b'\x00\x00\x00\x00\x00\x00\x0f\x80\x3f\xc0\x30\x40\x30\x00\x30\x00'\
b'\x0f\x00\x3f\x00\x30\x00\x60\x00\x30\x40\x3f\xc0\x0f\x80\x00\x00'\
b'\x00\x00\x00\x00\x00\x00\x00\x00\x0c\x00\x00\x00\x00\x00\x00\x00'\
b'\x00\x00\x00\x00\x3f\xe0\x3f\xe0\x03\xc0\x07\x00\x0e\x00\x1c\x00'\
b'\x38\x00\x30\x00\x30\x00\x60\x00\x60\x00\x60\x00\x60\x00\x30\x00'\
b'\x38\x00\x1f\x80\x0f\xc0\x00\x60\x00\x60\x00\x60\x01\xc0\x01\x80'\
b'\x0e\x00\x00\x00\x00\x00\x00\x00\x00\x00\x00\x00\x00\x00\x00\x00'\
b'\x00\x00\x00\x00\x00\x00\x33\xc0\x3f\xe0\x38\x70\x30\x30\x30\x30'\
b'\x30\x30\x30\x30\x30\x30\x30\x30\x30\x30\x30\x30\x30\x30\x00\x30'\
b'\x00\x30\x00\x30\x00\x30\x00\x30\x0d\x00\x00\x00\x00\x00\x00\x00'\
b'\x00\x00\x00\x00\x07\x80\x1f\xc0\x18\xe0\x30\x60\x30\x30\x70\x30'\
b'\x60\x30\x60\x30\x7f\xf0\x7f\xf0\x60\x30\x60\x30\x30\x30\x30\x60'\
b'\x18\xe0\x1f\xc0\x07\x80\x00\x00\x00\x00\x00\x00\x00\x00\x00\x00'\
b'\x07\x00\x00\x00\x00\x00\x00\x00\x00\x00\x00\x00\x30\x30\x30\x30'\
b'\x30\x30\x30\x30\x30\x30\x3e\x1e\x00\x00\x00\x00\x00\x00\x00\x00'\
b'\x0d\x00\x00\x00\x00\x00\x00\x00\x00\x00\x00\x00\x00\x00\x00\x00'\
b'\x00\x00\x00\x00\x00\x00\x30\x60\x30\xc0\x31\x80\x33\x00\x36\x00'\
b'\x3f\x00\x3b\x00\x31\x80\x31\xc0\x30\xe0\x30\x60\x30\x30\x00\x00'\
b'\x00\x00\x00\x00\x00\x00\x00\x00\x0d\x00\x00\x00\x00\x00\x00\x00'\
b'\x00\x00\x00\x00\x3c\x00\x3e\x00\x06\x00\x06\x00\x03\x00\x03\x00'\
b'\x07\x80\x07\x80\x07\x80\x0d\xc0\x0c\xc0\x18\xc0\x18\x60\x30\x60'\
b'\x30\x60\x60\x30\x60\x30\x00\x00\x00\x00\x00\x00\x00\x00\x00\x00'\
b'\x0e\x00\x00\x00\x00\x00\x00\x00\x00\x00\x00\x00\x00\x00\x00\x00'\
b'\x00\x00\x00\x00\x00\x00\x30\x30\x30\x30\x30\x30\x30\x30\x30\x30'\
b'\x30\x30\x30\x30\x30\x30\x30\x30\x38\x70\x3f\xf8\x37\x98\x30\x00'\
b'\x30\x00\x30\x00\x30\x00\x30\x00\x0c\x00\x00\x00\x00\x00\x00\x00'\
b'\x00\x00\x00\x00\x00\x00\x00\x00\x00\x00\x00\x00\x00\x00\x60\xc0'\
b'\x60\x40\x30\x60\x30\x60\x30\x60\x38\x60\x18\x60\x18\xc0\x1d\xc0'\
b'\x0d\x80\x0f\x00\x0e\x00\x00\x00\x00\x00\x00\x00\x00\x00\x00\x00'\
b'\x0c\x00\x00\x00\x00\x00\x00\x00\x00\x00\x00\x00\x3f\xc0\x3f\xc0'\
b'\x1c\x00\x30\x00\x30\x00\x30\x00\x38\x00\x1f\x80\x1f\x80\x38\x00'\
b'\x70\x00\x60\x00\x60\x00\x70\x00\x38\x00\x3f\xc0\x0f\xe0\x00\x60'\
b'\x00\x60\x00\x60\x00\xc0\x00\xc0\x0d\x00\x00\x00\x00\x00\x00\x00'\
b'\x00\x00\x00\x00\x00\x00\x00\x00\x00\x00\x00\x00\x00\x00\x0f\x80'\
b'\x1f\xe0\x38\x60\x30\x30\x60\x30\x60\x30\x60\x30\x60\x30\x30\x30'\
b'\x38\x60\x1f\xe0\x0f\x80\x00\x00\x00\x00\x00\x00\x00\x00\x00\x00'\
b'\x0d\x00\x00\x00\x00\x00\x00\x00\x00\x00\x00\x00\x00\x00\x00\x00'\
b'\x00\x00\x00\x00\x00\x00\x7f\xf0\x7f\xf0\x30\x60\x30\x60\x30\x60'\
b'\x30\x60\x30\x60\x30\x60\x30\x60\x30\x60\x30\x78\x30\x78\x00\x00'\
b'\x00\x00\x00\x00\x00\x00\x00\x00\x0e\x00\x00\x00\x00\x00\x00\x00'\
b'\x00\x00\x00\x00\x00\x00\x00\x00\x00\x00\x00\x00\x00\x00\x07\xc0'\
b'\x0f\xe0\x1c\x70\x38\x30\x30\x18\x30\x18\x30\x18\x30\x18\x38\x30'\
b'\x3c\x70\x3f\xe0\x33\xc0\x30\x00\x30\x00\x30\x00\x30\x00\x30\x00'\
b'\x0d\x00\x00\x00\x00\x00\x00\x00\x00\x00\x00\x00\x00\x00\x00\x00'\
b'\x00\x00\x00\x00\x00\x00\x0f\xc0\x1f\xe0\x38\x20\x30\x00\x70\x00'\
b'\x60\x00\x60\x00\x70\x00\x30\x00\x38\x00\x1f\x80\x07\xc0\x00\xc0'\
b'\x00\x40\x00\xc0\x01\xc0\x01\x80\x0e\x00\x00\x00\x00\x00\x00\x00'\
b'\x00\x00\x00\x00\x00\x00\x00\x00\x00\x00\x00\x00\x00\x00\x0f\xf8'\
b'\x1f\xf8\x38\x60\x30\x30\x60\x30\x60\x30\x60\x30\x60\x30\x30\x30'\
b'\x38\x60\x1f\xe0\x0f\x80\x00\x00\x00\x00\x00\x00\x00\x00\x00\x00'\
b'\x0d\x00\x00\x00\x00\x00\x00\x00\x00\x00\x00\x00\x00\x00\x00\x00'\
b'\x00\x00\x00\x00\x00\x00\x7f\xf0\x7f\xf0\x03\x00\x03\x00\x03\x00'\
b'\x03\x00\x03\x00\x03\x00\x03\x00\x03\x00\x03\xc0\x01\xc0\x00\x00'\
b'\x00\x00\x00\x00\x00\x00\x00\x00\x0d\x00\x00\x00\x00\x00\x00\x00'\
b'\x00\x00\x00\x00\x00\x00\x00\x00\x00\x00\x00\x00\x00\x00\x30\xc0'\
b'\x30\x60\x30\x60\x30\x60\x30\x60\x30\x60\x30\x60\x30\x60\x30\xe0'\
b'\x31\xc0\x3f\x80\x0f\x00\x00\x00\x00\x00\x00\x00\x00\x00\x00\x00'\
b'\x0f\x00\x00\x00\x00\x00\x00\x00\x00\x00\x00\x00\x00\x00\x00\x00'\
b'\x00\x00\x00\x00\x00\x00\x0d\xe0\x1f\xf0\x3b\x38\x33\x18\x63\x18'\
b'\x63\x18\x63\x18\x63\x18\x33\x18\x3b\x30\x1f\xf0\x0f\xc0\x03\x00'\
b'\x03\x00\x03\x00\x03\x00\x03\x00\x0d\x00\x00\x00\x00\x00\x00\x00'\
b'\x00\x00\x00\x00\x00\x00\x00\x00\x00\x00\x00\x00\x00\x00\x70\x70'\
b'\x78\x60\x18\xe0\x18\xc0\x0d\xc0\x0d\x80\x07\x80\x07\x00\x07\x00'\
b'\x07\x00\x0f\x00\x0f\x80\x19\x80\x19\x80\x30\xc0\x70\xf0\x60\x70'\
b'\x0f\x00\x00\x00\x00\x00\x00\x00\x00\x00\x00\x00\x00\x00\x00\x00'\
b'\x00\x00\x00\x00\x00\x00\x63\x18\x63\x18\x63\x18\x63\x18\x63\x18'\
b'\x63\x18\x63\x18\x63\x18\x73\x18\x3b\x38\x1f\xf0\x0f\xc0\x03\x00'\
b'\x03\x00\x03\x00\x03\x00\x03\x00\x12\x00\x00\x00\x00\x00\x00\x00'\
b'\x00\x00\x00\x00\x00\x00\x00\x00\x00\x00\x00\x00\x00\x00\x00\x00'\
b'\x00\x00\x00\x00\x00\x00\x00\x00\x18\x06\x00\x38\x03\x00\x30\x03'\
b'\x00\x30\x03\x80\x30\x01\x80\x70\xc1\x80\x70\xc1\x80\x30\xc1\x80'\
b'\x30\xe3\x80\x39\xe3\x00\x1f\xbf\x00\x0f\x1e\x00\x00\x00\x00\x00'\
b'\x00\x00\x00\x00\x00\x00\x00\x00\x00\x00\x00\x00\x00\x00\x00\x00'\
b'\x0d\x00\x00\x00\x00\x00\x00\x00\x00\x00\x00\xc0\x01\x80\x03\x00'\
b'\x02\x00\x00\x00\x00\x00\x0f\x80\x1f\xe0\x38\x60\x30\x30\x60\x30'\
b'\x60\x30\x60\x30\x60\x30\x30\x30\x38\x60\x1f\xe0\x0f\x80\x00\x00'\
b'\x00\x00\x00\x00\x00\x00\x00\x00\x0d\x00\x00\x00\x00\x00\x00\x00'\
b'\x00\x00\x01\x80\x03\x00\x06\x00\x04\x00\x00\x00\x00\x00\x30\xc0'\
b'\x30\x60\x30\x60\x30\x60\x30\x60\x30\x60\x30\x60\x30\x60\x30\xe0'\
b'\x31\xc0\x3f\x80\x0f\x00\x00\x00\x00\x00\x00\x00\x00\x00\x00\x00'\
b'\x12\x00\x00\x00\x00\x00\x00\x00\x00\x00\x00\x00\x00\x00\x00\x30'\
b'\x00\x00\x30\x00\x00\x60\x00\x00\xc0\x00\x00\x00\x00\x00\x00\x00'\
b'\x18\x06\x00\x38\x03\x00\x30\x03\x00\x30\x03\x80\x30\x01\x80\x70'\
b'\xc1\x80\x70\xc1\x80\x30\xc1\x80\x30\xe3\x80\x39\xe3\x00\x1f\xbf'\
b'\x00\x0f\x1e\x00\x00\x00\x00\x00\x00\x00\x00\x00\x00\x00\x00\x00'\
b'\x00\x00\x00\x00\x00\x00\x00\x00\x0e\x00\x00\x00\x00\x00\x00\x00'\
b'\x00\x00\x00\x00\x07\x80\x0f\xc0\x18\xe0\x38\x60\x30\x60\x30\x60'\
b'\x30\xc0\x3f\x80\x3f\xc0\x30\xe0\x30\x30\x30\x30\x30\x30\x38\x30'\
b'\x1c\x60\x0f\xe0\x07\x80\x00\x00\x00\x00\x00\x00\x00\x00\x00\x00'\
b'\x0e\x00\x00\x00\x00\x00\x00\x00\x00\x00\x00\x00\x07\x80\x0f\xc0'\
b'\x1c\x60\x18\x30\x18\x30\x18\x30\x0c\x30\x0f\xf0\x63\xf0\x60\x30'\
b'\x60\x30\x60\x30\x30\x30\x30\x60\x38\xe0\x1f\xc0\x0f\x80\x00\x00'\
b'\x00\x00\x00\x00\x00\x00\x00\x00\x0f\x00\x00\x00\x00\x00\x00\x00'\
b'\x00\x00\x00\x00\x03\x00\x03\x00\x03\x00\x03\x00\x03\x00\x0f\xc0'\
b'\x1f\xf0\x3b\x30\x33\x18\x63\x18\x63\x18\x63\x18\x63\x18\x33\x18'\
b'\x3b\x30\x1f\xf0\x0f\xc0\x03\x00\x03\x00\x03\x00\x03\x00\x03\x00'\
b'\x12\x00\x00\x00\x00\x00\x00\x00\x00\x00\x00\x00\x00\x00\x00\x00'\
b'\x00\x00\x00\x00\x00\x00\x00\x00\x00\x00\x00\x00\x00\x00\x00\x00'\
b'\x7f\xff\xc0\x7f\xff\xc0\x30\x03\x00\x30\x03\x80\x30\x01\x80\x70'\
b'\xc1\x80\x70\xc1\x80\x30\xc1\x80\x30\xe3\x80\x39\xe3\x00\x1f\xbf'\
b'\x00\x0f\x1e\x00\x00\x00\x00\x00\x00\x00\x00\x00\x00\x00\x00\x00'\
b'\x00\x00\x00\x00\x00\x00\x00\x00\x0e\x00\x00\x00\x00\x00\x0c\xc0'\
b'\x0c\xc0\x00\x00\x00\x00\x3f\xf0\x3f\xf0\x30\x00\x30\x00\x30\x00'\
b'\x30\x00\x30\x00\x3f\xf0\x3f\xf0\x30\x00\x30\x00\x30\x00\x30\x00'\
b'\x30\x00\x3f\xf8\x3f\xf8\x00\x00\x00\x00\x00\x00\x00\x00\x00\x00'\
b'\x0f\x00\x00\x00\x00\x00\x00\x00\x00\x00\x00\x00\x00\x00\x03\xf0'\
b'\x0f\xfc\x1c\x0c\x38\x04\x30\x00\x30\x00\x70\x00\x7f\xf0\x7f\xf0'\
b'\x70\x00\x30\x00\x30\x00\x38\x04\x1c\x0c\x0f\xfc\x03\xf0\x00\x00'\
b'\x00\x00\x00\x00\x00\x00\x00\x00\x06\x00\x00\x00\x00\x00\x00\x00'\
b'\x30\x30\x30\x30\x30\x30\x30\x30\x30\x30\x30\x30\x30\x30\x30\x30'\
b'\x00\x00\x00\x00\x00\x00\x00\x00\x06\x00\x00\x00\xcc\xcc\x00\x00'\
b'\x30\x30\x30\x30\x30\x30\x30\x30\x30\x30\x30\x30\x30\x30\x30\x30'\
b'\x00\x00\x00\x00\x00\x00\x00\x00\x0d\x00\x00\x00\x00\x00\x18\xc0'\
b'\x0f\x80\x00\x00\x00\x00\x60\x38\x60\x30\x70\x30\x30\x70\x38\x60'\
b'\x18\xe0\x18\xc0\x0c\xc0\x0d\x80\x0f\x80\x07\x80\x07\x00\x07\x00'\
b'\x06\x00\x3e\x00\x3c\x00\x00\x00\x00\x00\x00\x00\x00\x00\x00\x00'\
b'\x0f\x00\x00\x00\x00\x00\x00\x00\x00\x00\x00\x00\x00\x00\x03\x80'\
b'\x03\x80\x06\xc0\x06\xc0\x06\xc0\x0c\x60\x0c\x60\x1c\x30\x18\x30'\
b'\x18\x30\x3f\xf8\x3f\xf8\x30\x1c\x60\x0c\x60\x0c\xe0\x0e\x00\x00'\
b'\x00\x00\x00\x00\x00\x00\x00\x00\x0f\x00\x00\x00\x00\x00\x00\x00'\
b'\x00\x00\x00\x00\x00\x00\x3f\xf0\x3f\xf0\x30\x00\x30\x00\x30\x00'\
b'\x30\x00\x30\x00\x3f\xe0\x3f\xf0\x30\x38\x30\x18\x30\x1c\x30\x18'\
b'\x30\x38\x3f\xf8\x3f\xe0\x00\x00\x00\x00\x00\x00\x00\x00\x00\x00'\
b'\x0f\x00\x00\x00\x00\x00\x00\x00\x00\x00\x00\x00\x00\x00\x3f\xe0'\
b'\x3f\xf0\x30\x38\x30\x18\x30\x18\x30\x18\x30\x30\x3f\xe0\x3f\xf0'\
b'\x30\x38\x30\x18\x30\x1c\x30\x18\x30\x38\x3f\xf8\x3f\xe0\x00\x00'\
b'\x00\x00\x00\x00\x00\x00\x00\x00\x0d\x00\x00\x00\x00\x00\x00\x00'\
b'\x00\x00\x00\x00\x00\x00\x3f\xf0\x3f\xf0\x30\x00\x30\x00\x30\x00'\
b'\x30\x00\x30\x00\x30\x00\x30\x00\x30\x00\x30\x00\x30\x00\x30\x00'\
b'\x30\x00\x30\x00\x30\x00\x00\x00\x00\x00\x00\x00\x00\x00\x00\x00'\
b'\x11\x00\x00\x00\x00\x00\x00\x00\x00\x00\x00\x00\x00\x00\x00\x00'\
b'\x00\x00\x00\x00\x07\xfc\x00\x07\xfc\x00\x06\x0c\x00\x06\x0c\x00'\
b'\x06\x0c\x00\x06\x0c\x00\x06\x0c\x00\x06\x0c\x00\x0e\x0c\x00\x0e'\
b'\x0c\x00\x0c\x0c\x00\x0c\x0c\x00\x0c\x0c\x00\x18\x0c\x00\x7f\xff'\
b'\x00\x7f\xff\x00\x60\x03\x00\x60\x03\x00\x60\x03\x00\x00\x00\x00'\
b'\x00\x00\x00\x00\x00\x00\x00\x00\x0e\x00\x00\x00\x00\x00\x00\x00'\
b'\x00\x00\x00\x00\x00\x00\x3f\xf0\x3f\xf0\x30\x00\x30\x00\x30\x00'\
b'\x30\x00\x30\x00\x3f\xf0\x3f\xf0\x30\x00\x30\x00\x30\x00\x30\x00'\
b'\x30\x00\x3f\xf8\x3f\xf8\x00\x00\x00\x00\x00\x00\x00\x00\x00\x00'\
b'\x18\x00\x00\x00\x00\x00\x00\x00\x00\x00\x00\x00\x00\x00\x00\x00'\
b'\x00\x00\x00\x00\x70\x18\x0c\x38\x18\x18\x1c\x18\x38\x0e\x18\x70'\
b'\x07\x18\xe0\x03\x99\xc0\x01\x9b\x80\x03\xdf\xc0\x07\x7e\xc0\x06'\
b'\x3c\x60\x0c\x18\x70\x1c\x18\x30\x18\x18\x18\x30\x18\x1c\x70\x18'\
b'\x0c\x60\x18\x06\x00\x00\x00\x00\x00\x00\x00\x00\x00\x00\x00\x00'\
b'\x00\x00\x00\x00\x00\x00\x00\x00\x0e\x00\x00\x00\x00\x00\x00\x00'\
b'\x00\x00\x00\x00\x00\x00\x0f\x80\x3f\xe0\x30\x70\x40\x30\x00\x30'\
b'\x00\x70\x0f\xe0\x0f\xc0\x00\x70\x00\x30\x00\x38\x00\x38\x40\x30'\
b'\x70\x70\x3f\xe0\x0f\x80\x00\x00\x00\x00\x00\x00\x00\x00\x00\x00'\
b'\x10\x00\x00\x00\x00\x00\x00\x00\x00\x00\x00\x00\x00\x00\x30\x1c'\
b'\x30\x1c\x30\x3c\x30\x3c\x30\x6c\x30\xec\x30\xcc\x31\xcc\x31\x8c'\
b'\x33\x8c\x33\x0c\x36\x0c\x36\x0c\x3c\x0c\x3c\x0c\x38\x0c\x00\x00'\
b'\x00\x00\x00\x00\x00\x00\x00\x00\x10\x00\x00\x00\x00\x00\x04\x20'\
b'\x03\xe0\x00\x00\x00\x00\x30\x1c\x30\x1c\x30\x3c\x30\x3c\x30\x6c'\
b'\x30\xec\x30\xcc\x31\xcc\x31\x8c\x33\x8c\x33\x0c\x36\x0c\x36\x0c'\
b'\x3c\x0c\x3c\x0c\x38\x0c\x00\x00\x00\x00\x00\x00\x00\x00\x00\x00'\
b'\x10\x00\x00\x00\x00\x00\x00\x00\x00\x00\x00\x00\x00\x00\x30\x0c'\
b'\x30\x18\x30\x30\x30\x60\x30\xc0\x31\x80\x33\x80\x37\x80\x3e\xc0'\
b'\x3c\xe0\x38\x60\x30\x30\x30\x38\x30\x1c\x30\x0c\x30\x0e\x00\x00'\
b'\x00\x00\x00\x00\x00\x00\x00\x00\x11\x00\x00\x00\x00\x00\x00\x00'\
b'\x00\x00\x00\x00\x00\x00\x00\x00\x00\x00\x00\x00\x07\xfc\x00\x07'\
b'\xfc\x00\x06\x0c\x00\x06\x0c\x00\x06\x0c\x00\x06\x0c\x00\x06\x0c'\
b'\x00\x06\x0c\x00\x06\x0c\x00\x0e\x0c\x00\x0e\x0c\x00\x0c\x0c\x00'\
b'\x1c\x0c\x00\x3c\x0c\x00\x78\x0c\x00\x60\x0c\x00\x00\x00\x00\x00'\
b'\x00\x00\x00\x00\x00\x00\x00\x00\x00\x00\x00\x00\x00\x00\x00\x00'\
b'\x13\x00\x00\x00\x00\x00\x00\x00\x00\x00\x00\x00\x00\x00\x00\x00'\
b'\x00\x00\x00\x00\x3c\x07\x80\x3c\x07\x80\x3c\x07\x80\x36\x0d\x80'\
b'\x36\x0d\x80\x32\x09\x80\x33\x19\x80\x33\x19\x80\x31\xb1\x80\x31'\
b'\xb1\x80\x31\xb1\x80\x30\xe1\x80\x30\xe1\x80\x30\x01\x80\x30\x01'\
b'\x80\x30\x01\x80\x00\x00\x00\x00\x00\x00\x00\x00\x00\x00\x00\x00'\
b'\x00\x00\x00\x00\x00\x00\x00\x00\x11\x00\x00\x00\x00\x00\x00\x00'\
b'\x00\x00\x00\x00\x00\x00\x00\x00\x00\x00\x00\x00\x30\x0c\x00\x30'\
b'\x0c\x00\x30\x0c\x00\x30\x0c\x00\x30\x0c\x00\x30\x0c\x00\x30\x0c'\
b'\x00\x3f\xfc\x00\x3f\xfc\x00\x30\x0c\x00\x30\x0c\x00\x30\x0c\x00'\
b'\x30\x0c\x00\x30\x0c\x00\x30\x0c\x00\x30\x0c\x00\x00\x00\x00\x00'\
b'\x00\x00\x00\x00\x00\x00\x00\x00\x00\x00\x00\x00\x00\x00\x00\x00'\
b'\x11\x00\x00\x00\x00\x00\x00\x00\x00\x00\x00\x00\x00\x00\x00\x00'\
b'\x00\x00\x00\x00\x03\xf0\x00\x0f\xf8\x00\x1c\x1c\x00\x38\x0e\x00'\
b'\x30\x06\x00\x30\x07\x00\x70\x03\x00\x70\x03\x00\x70\x03\x00\x70'\
b'\x03\x00\x30\x07\x00\x30\x06\x00\x38\x0e\x00\x1c\x1c\x00\x0f\xf8'\
b'\x00\x03\xf0\x00\x00\x00\x00\x00\x00\x00\x00\x00\x00\x00\x00\x00'\
b'\x00\x00\x00\x00\x00\x00\x00\x00\x11\x00\x00\x00\x00\x00\x00\x00'\
b'\x00\x00\x00\x00\x00\x00\x00\x00\x00\x00\x00\x00\x3f\xfc\x00\x3f'\
b'\xfc\x00\x30\x0c\x00\x30\x0c\x00\x30\x0c\x00\x30\x0c\x00\x30\x0c'\
b'\x00\x30\x0c\x00\x30\x0c\x00\x30\x0c\x00\x30\x0c\x00\x30\x0c\x00'\
b'\x30\x0c\x00\x30\x0c\x00\x30\x0c\x00\x30\x0c\x00\x00\x00\x00\x00'\
b'\x00\x00\x00\x00\x00\x00\x00\x00\x00\x00\x00\x00\x00\x00\x00\x00'\
b'\x0d\x00\x00\x00\x00\x00\x00\x00\x00\x00\x00\x00\x00\x00\x3f\xc0'\
b'\x3f\xe0\x30\x70\x30\x30\x30\x38\x30\x38\x30\x30\x30\x70\x3f\xe0'\
b'\x3f\xc0\x30\x00\x30\x00\x30\x00\x30\x00\x30\x00\x30\x00\x00\x00'\
b'\x00\x00\x00\x00\x00\x00\x00\x00\x0f\x00\x00\x00\x00\x00\x00\x00'\
b'\x00\x00\x00\x00\x00\x00\x03\xf0\x0f\xfc\x1c\x0c\x38\x04\x30\x00'\
b'\x30\x00\x70\x00\x70\x00\x70\x00\x70\x00\x30\x00\x30\x00\x38\x04'\
b'\x1c\x0c\x0f\xfc\x03\xf0\x00\x00\x00\x00\x00\x00\x00\x00\x00\x00'\
b'\x0e\x00\x00\x00\x00\x00\x00\x00\x00\x00\x00\x00\x00\x00\xff\xfc'\
b'\xff\xfc\x03\x00\x03\x00\x03\x00\x03\x00\x03\x00\x03\x00\x03\x00'\
b'\x03\x00\x03\x00\x03\x00\x03\x00\x03\x00\x03\x00\x03\x00\x00\x00'\
b'\x00\x00\x00\x00\x00\x00\x00\x00\x0d\x00\x00\x00\x00\x00\x00\x00'\
b'\x00\x00\x00\x00\x00\x00\x60\x38\x60\x30\x70\x30\x30\x70\x38\x60'\
b'\x18\xe0\x18\xc0\x0c\xc0\x0d\x80\x0f\x80\x07\x80\x07\x00\x07\x00'\
b'\x06\x00\x3e\x00\x3c\x00\x00\x00\x00\x00\x00\x00\x00\x00\x00\x00'\
b'\x13\x00\x00\x00\x00\x00\x00\x00\x00\x00\x00\x00\x00\x00\x00\x00'\
b'\x00\x00\x00\x00\x00\xe0\x00\x00\xe0\x00\x03\xf8\x00\x1f\xfe\x00'\
b'\x3c\xe7\x80\x30\xe3\x80\x70\xe1\x80\x70\xe1\xc0\x70\xe1\xc0\x70'\
b'\xe1\x80\x30\xe1\x80\x3c\xe7\x80\x1f\xfe\x00\x03\xf8\x00\x00\xe0'\
b'\x00\x00\xe0\x00\x00\x00\x00\x00\x00\x00\x00\x00\x00\x00\x00\x00'\
b'\x00\x00\x00\x00\x00\x00\x00\x00\x0f\x00\x00\x00\x00\x00\x00\x00'\
b'\x00\x00\x00\x00\x00\x00\x30\x1c\x38\x18\x18\x30\x0c\x70\x0e\x60'\
b'\x06\xc0\x03\xc0\x03\x80\x03\x80\x06\xc0\x0e\xe0\x0c\x60\x18\x30'\
b'\x38\x38\x30\x18\x60\x0c\x00\x00\x00\x00\x00\x00\x00\x00\x00\x00'\
b'\x11\x00\x00\x00\x00\x00\x00\x00\x00\x00\x00\x00\x00\x00\x00\x00'\
b'\x00\x00\x00\x00\x30\x0c\x00\x30\x0c\x00\x30\x0c\x00\x30\x0c\x00'\
b'\x30\x0c\x00\x30\x0c\x00\x30\x0c\x00\x30\x0c\x00\x30\x0c\x00\x30'\
b'\x0c\x00\x30\x0c\x00\x30\x0c\x00\x30\x0c\x00\x30\x0c\x00\x3f\xff'\
b'\x00\x3f\xff\x00\x00\x03\x00\x00\x03\x00\x00\x03\x00\x00\x00\x00'\
b'\x00\x00\x00\x00\x00\x00\x00\x00\x0f\x00\x00\x00\x00\x00\x00\x00'\
b'\x00\x00\x00\x00\x00\x00\x30\x18\x30\x18\x30\x18\x30\x18\x30\x18'\
b'\x30\x18\x30\x18\x38\x18\x1f\xf8\x0f\xf8\x00\x18\x00\x18\x00\x18'\
b'\x00\x18\x00\x18\x00\x18\x00\x00\x00\x00\x00\x00\x00\x00\x00\x00'\
b'\x18\x00\x00\x00\x00\x00\x00\x00\x00\x00\x00\x00\x00\x00\x00\x00'\
b'\x00\x00\x00\x00\x30\x18\x18\x30\x18\x18\x30\x18\x18\x30\x18\x18'\
b'\x30\x18\x18\x30\x18\x18\x30\x18\x18\x30\x18\x18\x30\x18\x18\x30'\
b'\x18\x18\x30\x18\x18\x30\x18\x18\x30\x18\x18\x30\x18\x18\x3f\xff'\
b'\xf8\x3f\xff\xf8\x00\x00\x00\x00\x00\x00\x00\x00\x00\x00\x00\x00'\
b'\x00\x00\x00\x00\x00\x00\x00\x00\x18\x00\x00\x00\x00\x00\x00\x00'\
b'\x00\x00\x00\x00\x00\x00\x00\x00\x00\x00\x00\x00\x30\x18\x18\x30'\
b'\x18\x18\x30\x18\x18\x30\x18\x18\x30\x18\x18\x30\x18\x18\x30\x18'\
b'\x18\x30\x18\x18\x30\x18\x18\x30\x18\x18\x30\x18\x18\x30\x18\x18'\
b'\x30\x18\x18\x30\x18\x18\x3f\xff\xfe\x3f\xff\xfe\x00\x00\x06\x00'\
b'\x00\x06\x00\x00\x06\x00\x00\x00\x00\x00\x00\x00\x00\x00\x00\x00'\
b'\x12\x00\x00\x00\x00\x00\x00\x00\x00\x00\x00\x00\x00\x00\x00\x00'\
b'\x00\x00\x00\x00\x7f\x00\x00\x7f\x00\x00\x07\x00\x00\x07\x00\x00'\
b'\x07\x00\x00\x07\x00\x00\x07\x00\x00\x07\xfc\x00\x07\xff\x00\x07'\
b'\x07\x00\x07\x03\x80\x07\x03\x80\x07\x03\x80\x07\x07\x00\x07\xff'\
b'\x00\x07\xfc\x00\x00\x00\x00\x00\x00\x00\x00\x00\x00\x00\x00\x00'\
b'\x00\x00\x00\x00\x00\x00\x00\x00\x13\x00\x00\x00\x00\x00\x00\x00'\
b'\x00\x00\x00\x00\x00\x00\x00\x00\x00\x00\x00\x00\x30\x01\x80\x30'\
b'\x01\x80\x30\x01\x80\x30\x01\x80\x30\x01\x80\x30\x01\x80\x30\x01'\
b'\x80\x3f\xe1\x80\x3f\xf1\x80\x30\x39\x80\x30\x19\x80\x30\x1d\x80'\
b'\x30\x19\x80\x30\x39\x80\x3f\xf1\x80\x3f\xe1\x80\x00\x00\x00\x00'\
b'\x00\x00\x00\x00\x00\x00\x00\x00\x00\x00\x00\x00\x00\x00\x00\x00'\
b'\x0f\x00\x00\x00\x00\x00\x00\x00\x00\x00\x00\x00\x00\x00\x30\x00'\
b'\x30\x00\x30\x00\x30\x00\x30\x00\x30\x00\x30\x00\x3f\xe0\x3f\xf0'\
b'\x30\x38\x30\x18\x30\x1c\x30\x18\x30\x38\x3f\xf0\x3f\xe0\x00\x00'\
b'\x00\x00\x00\x00\x00\x00\x00\x00\x0f\x00\x00\x00\x00\x00\x00\x00'\
b'\x00\x00\x00\x00\x00\x00\x0f\x80\x3f\xe0\x70\x70\x40\x38\x00\x1c'\
b'\x00\x0c\x00\x0c\x1f\xfc\x1f\xfc\x00\x0c\x00\x0c\x00\x1c\x40\x38'\
b'\x70\x70\x3f\xe0\x0f\x80\x00\x00\x00\x00\x00\x00\x00\x00\x00\x00'\
b'\x18\x00\x00\x00\x00\x00\x00\x00\x00\x00\x00\x00\x00\x00\x00\x00'\
b'\x00\x00\x00\x00\x30\x0f\xc0\x30\x3f\xf0\x30\x78\x78\x30\x60\x18'\
b'\x30\xe0\x1c\x30\xc0\x0c\x30\xc0\x0c\x3f\xc0\x0e\x3f\xc0\x0e\x30'\
b'\xc0\x0c\x30\xc0\x0c\x30\xe0\x1c\x30\x60\x18\x30\x78\x78\x30\x3f'\
b'\xf0\x30\x0f\xc0\x00\x00\x00\x00\x00\x00\x00\x00\x00\x00\x00\x00'\
b'\x00\x00\x00\x00\x00\x00\x00\x00\x0f\x00\x00\x00\x00\x00\x00\x00'\
b'\x00\x00\x00\x00\x00\x00\x07\xf8\x1f\xf8\x38\x18\x38\x18\x30\x18'\
b'\x38\x18\x38\x18\x1f\xf8\x07\xf8\x03\x18\x06\x18\x0e\x18\x0c\x18'\
b'\x18\x18\x38\x18\x30\x18\x00\x00\x00\x00\x00\x00\x00\x00\x00\x00'\
b'\x0d\x00\x00\x00\x00\x00\x00\x00\x00\x00\x00\x00\x00\x00\x00\x00'\
b'\x00\x00\x00\x00\x00\x00\x1f\x80\x3f\xc0\x20\x60\x00\x60\x0f\xe0'\
b'\x3f\xe0\x30\x60\x60\x60\x60\x60\x30\xe0\x3f\xe0\x1f\x60\x00\x00'\
b'\x00\x00\x00\x00\x00\x00\x00\x00\x0e\x00\x00\x00\x00\x00\x00\x00'\
b'\x00\x00\x00\x00\x07\xe0\x0f\xe0\x1c\x00\x38\x00\x30\x00\x6f\x80'\
b'\x7f\xe0\x78\x70\x70\x30\x70\x30\x60\x30\x60\x30\x70\x30\x30\x30'\
b'\x38\x70\x1f\xe0\x0f\x80\x00\x00\x00\x00\x00\x00\x00\x00\x00\x00'\
b'\x0d\x00\x00\x00\x00\x00\x00\x00\x00\x00\x00\x00\x00\x00\x00\x00'\
b'\x00\x00\x00\x00\x00\x00\x3f\x80\x3f\xe0\x30\x60\x30\x60\x30\x60'\
b'\x3f\x80\x3f\xe0\x30\x60\x30\x30\x30\x70\x3f\xe0\x3f\xc0\x00\x00'\
b'\x00\x00\x00\x00\x00\x00\x00\x00\x0c\x00\x00\x00\x00\x00\x00\x00'\
b'\x00\x00\x00\x00\x00\x00\x00\x00\x00\x00\x00\x00\x00\x00\x3f\xc0'\
b'\x3f\xc0\x30\x00\x30\x00\x30\x00\x30\x00\x30\x00\x30\x00\x30\x00'\
b'\x30\x00\x30\x00\x30\x00\x00\x00\x00\x00\x00\x00\x00\x00\x00\x00'\
b'\x0f\x00\x00\x00\x00\x00\x00\x00\x00\x00\x00\x00\x00\x00\x00\x00'\
b'\x00\x00\x00\x00\x00\x00\x0f\xf0\x0f\xf0\x0c\x30\x0c\x30\x0c\x30'\
b'\x0c\x30\x0c\x30\x0c\x30\x1c\x30\x18\x30\x7f\xfc\x7f\xfc\x60\x0c'\
b'\x60\x0c\x60\x0c\x00\x00\x00\x00\x0e\x00\x00\x00\x00\x00\x00\x00'\
b'\x00\x00\x00\x00\x00\x00\x00\x00\x00\x00\x00\x00\x00\x00\x0f\xc0'\
b'\x1f\xe0\x38\x70\x30\x30\x60\x30\x7f\xf0\x7f\xf0\x60\x00\x30\x00'\
b'\x38\x10\x1f\xf0\x07\xe0\x00\x00\x00\x00\x00\x00\x00\x00\x00\x00'\
b'\x14\x00\x00\x00\x00\x00\x00\x00\x00\x00\x00\x00\x00\x00\x00\x00'\
b'\x00\x00\x00\x00\x00\x00\x00\x00\x00\x00\x00\x00\x00\x00\x00\x00'\
b'\x30\x60\xc0\x18\x61\x80\x0c\x63\x00\x06\x66\x00\x03\x6c\x00\x07'\
b'\xfe\x00\x0f\xf6\x00\x0c\xe3\x00\x18\x61\x80\x38\x61\x80\x30\x60'\
b'\xc0\x60\x60\x60\x00\x00\x00\x00\x00\x00\x00\x00\x00\x00\x00\x00'\
b'\x00\x00\x00\x00\x00\x00\x00\x00\x0c\x00\x00\x00\x00\x00\x00\x00'\
b'\x00\x00\x00\x00\x00\x00\x00\x00\x00\x00\x00\x00\x00\x00\x1f\x00'\
b'\x3f\xc0\x21\xc0\x00\xc0\x00\xc0\x0f\x00\x0f\xc0\x00\xc0\x00\xc0'\
b'\x40\xc0\x7f\xc0\x1f\x00\x00\x00\x00\x00\x00\x00\x00\x00\x00\x00'\
b'\x0e\x00\x00\x00\x00\x00\x00\x00\x00\x00\x00\x00\x00\x00\x00\x00'\
b'\x00\x00\x00\x00\x00\x00\x30\x70\x30\x70\x30\xf0\x30\xf0\x31\xb0'\
b'\x33\x30\x33\x30\x36\x30\x36\x30\x3c\x30\x38\x30\x38\x30\x00\x00'\
b'\x00\x00\x00\x00\x00\x00\x00\x00\x0e\x00\x00\x00\x00\x00\x00\x00'\
b'\x00\x00\x00\x00\x08\x40\x0c\x40\x0f\xc0\x07\x80\x00\x00\x30\x70'\
b'\x30\x70\x30\xf0\x30\xf0\x31\xb0\x33\x30\x33\x30\x36\x30\x36\x30'\
b'\x3c\x30\x38\x30\x38\x30\x00\x00\x00\x00\x00\x00\x00\x00\x00\x00'\
b'\x0d\x00\x00\x00\x00\x00\x00\x00\x00\x00\x00\x00\x00\x00\x00\x00'\
b'\x00\x00\x00\x00\x00\x00\x30\x60\x30\xc0\x31\x80\x33\x80\x37\x00'\
b'\x3f\x00\x3f\x80\x39\x80\x30\xc0\x30\x60\x30\x70\x30\x30\x00\x00'\
b'\x00\x00\x00\x00\x00\x00\x00\x00\x0e\x00\x00\x00\x00\x00\x00\x00'\
b'\x00\x00\x00\x00\x00\x00\x00\x00\x00\x00\x00\x00\x00\x00\x0f\xf0'\
b'\x0f\xf0\x0c\x30\x0c\x30\x0c\x30\x0c\x30\x0c\x30\x0c\x30\x1c\x30'\
b'\x38\x30\x78\x30\x60\x30\x00\x00\x00\x00\x00\x00\x00\x00\x00\x00'\
b'\x11\x00\x00\x00\x00\x00\x00\x00\x00\x00\x00\x00\x00\x00\x00\x00'\
b'\x00\x00\x00\x00\x00\x00\x00\x00\x00\x00\x00\x00\x00\x00\x00\x00'\
b'\x38\x0e\x00\x3c\x1e\x00\x3c\x16\x00\x34\x36\x00\x36\x36\x00\x36'\
b'\x66\x00\x33\x66\x00\x33\x46\x00\x31\xc6\x00\x31\xc6\x00\x30\x06'\
b'\x00\x30\x06\x00\x00\x00\x00\x00\x00\x00\x00\x00\x00\x00\x00\x00'\
b'\x00\x00\x00\x00\x00\x00\x00\x00\x0e\x00\x00\x00\x00\x00\x00\x00'\
b'\x00\x00\x00\x00\x00\x00\x00\x00\x00\x00\x00\x00\x00\x00\x30\x30'\
b'\x30\x30\x30\x30\x30\x30\x30\x30\x3f\xf0\x3f\xf0\x30\x30\x30\x30'\
b'\x30\x30\x30\x30\x30\x30\x00\x00\x00\x00\x00\x00\x00\x00\x00\x00'\
b'\x0d\x00\x00\x00\x00\x00\x00\x00\x00\x00\x00\x00\x00\x00\x00\x00'\
b'\x00\x00\x00\x00\x00\x00\x0f\x80\x1f\xe0\x38\x60\x30\x30\x60\x30'\
b'\x60\x30\x60\x30\x60\x30\x30\x30\x38\x60\x1f\xe0\x0f\x80\x00\x00'\
b'\x00\x00\x00\x00\x00\x00\x00\x00\x0e\x00\x00\x00\x00\x00\x00\x00'\
b'\x00\x00\x00\x00\x00\x00\x00\x00\x00\x00\x00\x00\x00\x00\x3f\xf0'\
b'\x3f\xf0\x30\x30\x30\x30\x30\x30\x30\x30\x30\x30\x30\x30\x30\x30'\
b'\x30\x30\x30\x30\x30\x30\x00\x00\x00\x00\x00\x00\x00\x00\x00\x00'\
b'\x0e\x00\x00\x00\x00\x00\x00\x00\x00\x00\x00\x00\x00\x00\x00\x00'\
b'\x00\x00\x00\x00\x00\x00\x33\xc0\x3f\xe0\x3c\x70\x38\x30\x30\x18'\
b'\x30\x18\x30\x18\x30\x18\x38\x30\x3c\x70\x3f\xe0\x33\xc0\x30\x00'\
b'\x30\x00\x30\x00\x30\x00\x30\x00\x0c\x00\x00\x00\x00\x00\x00\x00'\
b'\x00\x00\x00\x00\x00\x00\x00\x00\x00\x00\x00\x00\x00\x00\x0f\xc0'\
b'\x1f\xe0\x38\x20\x30\x00\x70\x00\x60\x00\x60\x00\x70\x00\x30\x00'\
b'\x38\x20\x1f\xe0\x0f\xc0\x00\x00\x00\x00\x00\x00\x00\x00\x00\x00'\
b'\x0d\x00\x00\x00\x00\x00\x00\x00\x00\x00\x00\x00\x00\x00\x00\x00'\
b'\x00\x00\x00\x00\x00\x00\x7f\xf0\x7f\xf0\x06\x00\x06\x00\x06\x00'\
b'\x06\x00\x06\x00\x06\x00\x06\x00\x06\x00\x06\x00\x06\x00\x00\x00'\
b'\x00\x00\x00\x00\x00\x00\x00\x00\x0d\x00\x00\x00\x00\x00\x00\x00'\
b'\x00\x00\x00\x00\x00\x00\x00\x00\x00\x00\x00\x00\x00\x00\x60\x30'\
b'\x60\x30\x30\x60\x30\x60\x18\xe0\x18\xc0\x18\xc0\x0d\x80\x0d\x80'\
b'\x07\x80\x07\x00\x07\x00\x06\x00\x06\x00\x0e\x00\x3c\x00\x38\x00'\
b'\x13\x00\x00\x00\x00\x00\x00\x00\x00\x00\x00\x00\x00\x00\x00\x00'\
b'\x00\x00\xc0\x00\x00\xc0\x00\x00\xc0\x00\x00\xc0\x00\x00\xc0\x00'\
b'\x0e\xce\x00\x1f\xdf\x00\x31\xe3\x80\x30\xc1\x80\x60\xc1\xc0\x60'\
b'\xc0\xc0\x60\xc0\xc0\x60\xc1\xc0\x30\xc1\x80\x31\xe3\x80\x1f\xdf'\
b'\x00\x0e\xce\x00\x00\xc0\x00\x00\xc0\x00\x00\xc0\x00\x00\xc0\x00'\
b'\x00\xc0\x00\x00\x00\x00\x00\x00\x0d\x00\x00\x00\x00\x00\x00\x00'\
b'\x00\x00\x00\x00\x00\x00\x00\x00\x00\x00\x00\x00\x00\x00\x70\x70'\
b'\x30\x60\x18\xc0\x0d\x80\x0f\x80\x07\x00\x07\x00\x0d\x80\x1d\xc0'\
b'\x38\xc0\x30\x60\x60\x30\x00\x00\x00\x00\x00\x00\x00\x00\x00\x00'\
b'\x0f\x00\x00\x00\x00\x00\x00\x00\x00\x00\x00\x00\x00\x00\x00\x00'\
b'\x00\x00\x00\x00\x00\x00\x30\x30\x30\x30\x30\x30\x30\x30\x30\x30'\
b'\x30\x30\x30\x30\x30\x30\x30\x30\x30\x30\x3f\xfc\x3f\xfc\x00\x0c'\
b'\x00\x0c\x00\x0c\x00\x00\x00\x00\x0d\x00\x00\x00\x00\x00\x00\x00'\
b'\x00\x00\x00\x00\x00\x00\x00\x00\x00\x00\x00\x00\x00\x00\x30\x60'\
b'\x30\x60\x30\x60\x30\x60\x30\x60\x3f\xe0\x1f\xe0\x00\x60\x00\x60'\
b'\x00\x60\x00\x60\x00\x60\x00\x00\x00\x00\x00\x00\x00\x00\x00\x00'\
b'\x14\x00\x00\x00\x00\x00\x00\x00\x00\x00\x00\x00\x00\x00\x00\x00'\
b'\x00\x00\x00\x00\x00\x00\x00\x00\x00\x00\x00\x00\x00\x00\x00\x00'\
b'\x30\x60\xc0\x30\x60\xc0\x30\x60\xc0\x30\x60\xc0\x30\x60\xc0\x30'\
b'\x60\xc0\x30\x60\xc0\x30\x60\xc0\x30\x60\xc0\x30\x60\xc0\x3f\xff'\
b'\xc0\x3f\xff\xc0\x00\x00\x00\x00\x00\x00\x00\x00\x00\x00\x00\x00'\
b'\x00\x00\x00\x00\x00\x00\x00\x00\x15\x00\x00\x00\x00\x00\x00\x00'\
b'\x00\x00\x00\x00\x00\x00\x00\x00\x00\x00\x00\x00\x00\x00\x00\x00'\
b'\x00\x00\x00\x00\x00\x00\x00\x00\x30\x60\xc0\x30\x60\xc0\x30\x60'\
b'\xc0\x30\x60\xc0\x30\x60\xc0\x30\x60\xc0\x30\x60\xc0\x30\x60\xc0'\
b'\x30\x60\xc0\x30\x60\xc0\x3f\xff\xf0\x3f\xff\xf0\x00\x00\x30\x00'\
b'\x00\x30\x00\x00\x30\x00\x00\x00\x00\x00\x00\x00\x00\x00\x00\x00'\
b'\x10\x00\x00\x00\x00\x00\x00\x00\x00\x00\x00\x00\x00\x00\x00\x00'\
b'\x00\x00\x00\x00\x00\x00\x7e\x00\x7e\x00\x06\x00\x06\x00\x06\x00'\
b'\x07\xf0\x07\xfc\x06\x0c\x06\x0c\x06\x0c\x07\xfc\x07\xf0\x00\x00'\
b'\x00\x00\x00\x00\x00\x00\x00\x00\x11\x00\x00\x00\x00\x00\x00\x00'\
b'\x00\x00\x00\x00\x00\x00\x00\x00\x00\x00\x00\x00\x00\x00\x00\x00'\
b'\x00\x00\x00\x00\x00\x00\x00\x00\x30\x06\x00\x30\x06\x00\x30\x06'\
b'\x00\x30\x06\x00\x30\x06\x00\x3f\xc6\x00\x3f\xe6\x00\x30\x76\x00'\
b'\x30\x36\x00\x30\x76\x00\x3f\xe6\x00\x3f\xc6\x00\x00\x00\x00\x00'\
b'\x00\x00\x00\x00\x00\x00\x00\x00\x00\x00\x00\x00\x00\x00\x00\x00'\
b'\x0d\x00\x00\x00\x00\x00\x00\x00\x00\x00\x00\x00\x00\x00\x00\x00'\
b'\x00\x00\x00\x00\x00\x00\x30\x00\x30\x00\x30\x00\x30\x00\x30\x00'\
b'\x3f\xc0\x3f\xe0\x30\x70\x30\x30\x30\x70\x3f\xe0\x3f\xc0\x00\x00'\
b'\x00\x00\x00\x00\x00\x00\x00\x00\x0c\x00\x00\x00\x00\x00\x00\x00'\
b'\x00\x00\x00\x00\x00\x00\x00\x00\x00\x00\x00\x00\x00\x00\x3e\x00'\
b'\x7f\x80\x41\xc0\x00\xc0\x00\xe0\x1f\xe0\x1f\xe0\x00\x60\x00\xc0'\
b'\x41\xc0\x7f\x80\x3f\x00\x00\x00\x00\x00\x00\x00\x00\x00\x00\x00'\
b'\x13\x00\x00\x00\x00\x00\x00\x00\x00\x00\x00\x00\x00\x00\x00\x00'\
b'\x00\x00\x00\x00\x00\x00\x00\x00\x00\x00\x00\x00\x00\x00\x00\x00'\
b'\x30\x7c\x00\x30\xff\x00\x31\xc3\x80\x31\x81\x80\x33\x81\x80\x3f'\
b'\x01\x80\x3f\x01\x80\x33\x81\x80\x31\x81\x80\x31\xc3\x80\x30\xff'\
b'\x00\x30\x7c\x00\x00\x00\x00\x00\x00\x00\x00\x00\x00\x00\x00\x00'\
b'\x00\x00\x00\x00\x00\x00\x00\x00\x0d\x00\x00\x00\x00\x00\x00\x00'\
b'\x00\x00\x00\x00\x00\x00\x00\x00\x00\x00\x00\x00\x00\x00\x0f\xe0'\
b'\x1f\xe0\x38\x60\x30\x60\x38\x60\x1f\xe0\x0f\xe0\x0e\x60\x0c\x60'\
b'\x18\x60\x30\x60\x30\x60\x00\x00\x00\x00\x00\x00\x00\x00\x00\x00'\
b'\x0e\x00\x00\x00\x00\x00\x00\x00\x00\x00\x00\x00\x0c\xc0\x0c\xc0'\
b'\x00\x00\x00\x00\x00\x00\x0f\xc0\x1f\xe0\x38\x70\x30\x30\x60\x30'\
b'\x7f\xf0\x7f\xf0\x60\x00\x30\x00\x38\x10\x1f\xf0\x07\xe0\x00\x00'\
b'\x00\x00\x00\x00\x00\x00\x00\x00\x0c\x00\x00\x00\x00\x00\x00\x00'\
b'\x00\x00\x00\x00\x00\x00\x00\x00\x00\x00\x00\x00\x00\x00\x07\xc0'\
b'\x1f\xe0\x38\x20\x30\x00\x60\x00\x7f\x80\x7f\x80\x60\x00\x30\x00'\
b'\x38\x20\x1f\xe0\x0f\xc0\x00\x00\x00\x00\x00\x00\x00\x00\x00\x00'\
b'\x06\x00\x00\x00\x00\x00\x00\x30\x30\x30\x00\x00\x30\x30\x30\x30'\
b'\x30\x30\x30\x30\x30\x30\x30\x30\x00\x00\x00\x00\x00\x00\x00\x00'\
b'\x06\x00\x00\x00\x00\x00\x00\xcc\xcc\x00\x00\x00\x30\x30\x30\x30'\
b'\x30\x30\x30\x30\x30\x30\x30\x30\x00\x00\x00\x00\x00\x00\x00\x00'\
b'\x0d\x00\x00\x00\x00\x00\x00\x00\x00\x00\x00\x00\x18\x40\x18\xc0'\
b'\x0f\x80\x07\x00\x00\x00\x60\x30\x60\x30\x30\x60\x30\x60\x18\xe0'\
b'\x18\xc0\x18\xc0\x0d\x80\x0d\x80\x07\x80\x07\x00\x07\x00\x06\x00'\
b'\x06\x00\x0e\x00\x3c\x00\x38\x00'

_sparse =\
b'\x20\x00\x07\x00\x21\x00\x0b\x00\x22\x00\x12\x00\x23\x00\x19\x00'\
b'\x24\x00\x24\x00\x25\x00\x2b\x00\x26\x00\x36\x00\x27\x00\x41\x00'\
b'\x28\x00\x45\x00\x29\x00\x4c\x00\x2a\x00\x53\x00\x2b\x00\x5a\x00'\
b'\x2c\x00\x65\x00\x2d\x00\x69\x00\x2e\x00\x6d\x00\x2f\x00\x71\x00'\
b'\x30\x00\x75\x00\x31\x00\x7c\x00\x32\x00\x83\x00\x33\x00\x8a\x00'\
b'\x34\x00\x91\x00\x35\x00\x98\x00\x36\x00\x9f\x00\x37\x00\xa6\x00'\
b'\x38\x00\xad\x00\x39\x00\xb4\x00\x3a\x00\xbb\x00\x3b\x00\xbf\x00'\
b'\x3c\x00\xc3\x00\x3d\x00\xce\x00\x3e\x00\xd9\x00\x3f\x00\xe4\x00'\
b'\x40\x00\xeb\x00\x41\x00\xf6\x00\x42\x00\xfd\x00\x43\x00\x04\x01'\
b'\x44\x00\x0b\x01\x45\x00\x16\x01\x46\x00\x1d\x01\x47\x00\x24\x01'\
b'\x48\x00\x2f\x01\x49\x00\x3a\x01\x4a\x00\x3e\x01\x4b\x00\x42\x01'\
b'\x4c\x00\x49\x01\x4d\x00\x50\x01\x4e\x00\x5b\x01\x4f\x00\x62\x01'\
b'\x50\x00\x6d\x01\x51\x00\x74\x01\x52\x00\x7f\x01\x53\x00\x86\x01'\
b'\x54\x00\x8d\x01\x55\x00\x94\x01\x56\x00\x9b\x01\x57\x00\xa2\x01'\
b'\x58\x00\xad\x01\x59\x00\xb4\x01\x5a\x00\xbb\x01\x5b\x00\xc2\x01'\
b'\x5c\x00\xc9\x01\x5d\x00\xcd\x01\x5e\x00\xd4\x01\x5f\x00\xdf\x01'\
b'\x60\x00\xe6\x01\x61\x00\xed\x01\x62\x00\xf4\x01\x63\x00\xfb\x01'\
b'\x64\x00\x02\x02\x65\x00\x09\x02\x66\x00\x10\x02\x67\x00\x14\x02'\
b'\x68\x00\x1b\x02\x69\x00\x22\x02\x6a\x00\x26\x02\x6b\x00\x2a\x02'\
b'\x6c\x00\x31\x02\x6d\x00\x35\x02\x6e\x00\x40\x02\x6f\x00\x47\x02'\
b'\x70\x00\x4e\x02\x71\x00\x55\x02\x72\x00\x5c\x02\x73\x00\x63\x02'\
b'\x74\x00\x6a\x02\x75\x00\x71\x02\x76\x00\x78\x02\x77\x00\x7f\x02'\
b'\x78\x00\x8a\x02\x79\x00\x91\x02\x7a\x00\x98\x02\x7b\x00\x9f\x02'\
b'\x7c\x00\xa6\x02\x7d\x00\xaa\x02\x7e\x00\xb1\x02\xa1\x00\xbc\x02'\
b'\xa2\x00\xc3\x02\xa3\x00\xca\x02\xa4\x00\xd1\x02\xa5\x00\xd8\x02'\
b'\xa6\x00\xdf\x02\xa7\x00\xe3\x02\xa8\x00\xea\x02\xa9\x00\xf1\x02'\
b'\xaa\x00\xfc\x02\xab\x00\x03\x03\xac\x00\x0a\x03\xae\x00\x15\x03'\
b'\xaf\x00\x20\x03\xb0\x00\x27\x03\xb1\x00\x2e\x03\xb2\x00\x39\x03'\
b'\xb3\x00\x40\x03\xb4\x00\x47\x03\xb5\x00\x4e\x03\xb6\x00\x55\x03'\
b'\xb7\x00\x5c\x03\xb8\x00\x60\x03\xb9\x00\x67\x03\xba\x00\x6e\x03'\
b'\xbb\x00\x75\x03\xbc\x00\x7c\x03\xbd\x00\x87\x03\xbe\x00\x92\x03'\
b'\xbf\x00\x9d\x03\xc0\x00\xa4\x03\xc1\x00\xab\x03\xc2\x00\xb2\x03'\
b'\xc3\x00\xb9\x03\xc4\x00\xc0\x03\xc5\x00\xc7\x03\xc6\x00\xce\x03'\
b'\xc7\x00\xd9\x03\xc8\x00\xe0\x03\xc9\x00\xe7\x03\xca\x00\xee\x03'\
b'\xcb\x00\xf5\x03\xcc\x00\xfc\x03\xcd\x00\x00\x04\xce\x00\x04\x04'\
b'\xcf\x00\x08\x04\xd0\x00\x0c\x04\xd1\x00\x17\x04\xd2\x00\x1e\x04'\
b'\xd3\x00\x29\x04\xd4\x00\x34\x04\xd5\x00\x3f\x04\xd6\x00\x4a\x04'\
b'\xd7\x00\x55\x04\xd8\x00\x60\x04\xd9\x00\x6b\x04\xda\x00\x72\x04'\
b'\xdb\x00\x79\x04\xdc\x00\x80\x04\xdd\x00\x87\x04\xde\x00\x8e\x04'\
b'\xdf\x00\x95\x04\xe0\x00\x9c\x04\xe1\x00\xa3\x04\xe2\x00\xaa\x04'\
b'\xe3\x00\xb1\x04\xe4\x00\xb8\x04\xe5\x00\xbf\x04\xe6\x00\xc6\x04'\
b'\xe7\x00\xd1\x04\xe8\x00\xd8\x04\xe9\x00\xdf\x04\xea\x00\xe6\x04'\
b'\xeb\x00\xed\x04\xec\x00\xf4\x04\xed\x00\xf8\x04\xee\x00\xfc\x04'\
b'\xef\x00\x00\x05\xf0\x00\x04\x05\xf1\x00\x0b\x05\xf2\x00\x12\x05'\
b'\xf3\x00\x19\x05\xf4\x00\x20\x05\xf5\x00\x27\x05\xf6\x00\x2e\x05'\
b'\xf7\x00\x35\x05\xf8\x00\x40\x05\xf9\x00\x47\x05\xfa\x00\x4e\x05'\
b'\xfb\x00\x55\x05\xfc\x00\x5c\x05\xfd\x00\x63\x05\xfe\x00\x6a\x05'\
b'\xff\x00\x71\x05\x00\x01\x78\x05\x01\x01\x7f\x05\x02\x01\x86\x05'\
b'\x03\x01\x8d\x05\x04\x01\x94\x05\x05\x01\x9b\x05\x06\x01\xa2\x05'\
b'\x07\x01\xa9\x05\x08\x01\xb0\x05\x09\x01\xb7\x05\x0a\x01\xbe\x05'\
b'\x0b\x01\xc5\x05\x0c\x01\xcc\x05\x0d\x01\xd3\x05\x0e\x01\xda\x05'\
b'\x0f\x01\xe5\x05\x10\x01\xec\x05\x11\x01\xf7\x05\x12\x01\xfe\x05'\
b'\x13\x01\x05\x06\x14\x01\x0c\x06\x15\x01\x13\x06\x16\x01\x1a\x06'\
b'\x17\x01\x21\x06\x18\x01\x28\x06\x19\x01\x2f\x06\x1a\x01\x36\x06'\
b'\x1b\x01\x3d\x06\x1c\x01\x44\x06\x1d\x01\x4f\x06\x1e\x01\x56\x06'\
b'\x1f\x01\x61\x06\x20\x01\x68\x06\x21\x01\x73\x06\x22\x01\x7a\x06'\
b'\x23\x01\x85\x06\x24\x01\x8c\x06\x25\x01\x97\x06\x26\x01\x9e\x06'\
b'\x27\x01\xa9\x06\x28\x01\xb0\x06\x29\x01\xb4\x06\x2a\x01\xb8\x06'\
b'\x2b\x01\xbc\x06\x2c\x01\xc0\x06\x2d\x01\xc4\x06\x2e\x01\xc8\x06'\
b'\x2f\x01\xcc\x06\x30\x01\xd0\x06\x31\x01\xd4\x06\x32\x01\xd8\x06'\
b'\x33\x01\xdf\x06\x34\x01\xe6\x06\x35\x01\xea\x06\x36\x01\xee\x06'\
b'\x37\x01\xf5\x06\x38\x01\xfc\x06\x39\x01\x03\x07\x3a\x01\x0a\x07'\
b'\x3b\x01\x0e\x07\x3c\x01\x15\x07\x3d\x01\x19\x07\x3e\x01\x20\x07'\
b'\x3f\x01\x24\x07\x40\x01\x2b\x07\x41\x01\x2f\x07\x42\x01\x36\x07'\
b'\x43\x01\x3a\x07\x44\x01\x41\x07\x45\x01\x48\x07\x46\x01\x4f\x07'\
b'\x47\x01\x56\x07\x48\x01\x5d\x07\x4a\x01\x64\x07\x4b\x01\x6b\x07'\
b'\x4c\x01\x72\x07\x4d\x01\x7d\x07\x4e\x01\x84\x07\x4f\x01\x8f\x07'\
b'\x50\x01\x96\x07\x51\x01\xa1\x07\x52\x01\xa8\x07\x53\x01\xb3\x07'\
b'\x54\x01\xbe\x07\x55\x01\xc5\x07\x56\x01\xcc\x07\x57\x01\xd3\x07'\
b'\x58\x01\xda\x07\x59\x01\xe1\x07\x5a\x01\xe8\x07\x5b\x01\xef\x07'\
b'\x5c\x01\xf6\x07\x5d\x01\xfd\x07\x5e\x01\x04\x08\x5f\x01\x0b\x08'\
b'\x60\x01\x12\x08\x61\x01\x19\x08\x62\x01\x20\x08\x63\x01\x27\x08'\
b'\x64\x01\x2e\x08\x65\x01\x35\x08\x66\x01\x3c\x08\x67\x01\x43\x08'\
b'\x68\x01\x4a\x08\x69\x01\x51\x08\x6a\x01\x58\x08\x6b\x01\x5f\x08'\
b'\x6c\x01\x66\x08\x6d\x01\x6d\x08\x6e\x01\x74\x08\x6f\x01\x7b\x08'\
b'\x70\x01\x82\x08\x71\x01\x89\x08\x72\x01\x90\x08\x73\x01\x97\x08'\
b'\x74\x01\x9e\x08\x75\x01\xa9\x08\x76\x01\xb4\x08\x77\x01\xbb\x08'\
b'\x78\x01\xc2\x08\x79\x01\xc9\x08\x7a\x01\xd0\x08\x7b\x01\xd7\x08'\
b'\x7c\x01\xde\x08\x7d\x01\xe5\x08\x7e\x01\xec\x08\x86\x03\xf3\x08'\
b'\x88\x03\xfa\x08\x89\x03\x01\x09\x8a\x03\x0c\x09\x8c\x03\x13\x09'\
b'\x8e\x03\x1e\x09\x8f\x03\x29\x09\x91\x03\x34\x09\x92\x03\x3b\x09'\
b'\x93\x03\x42\x09\x94\x03\x49\x09\x95\x03\x50\x09\x96\x03\x57\x09'\
b'\x97\x03\x5e\x09\x98\x03\x69\x09\x99\x03\x74\x09\x9a\x03\x78\x09'\
b'\x9b\x03\x7f\x09\x9c\x03\x86\x09\x9d\x03\x91\x09\x9e\x03\x98\x09'\
b'\x9f\x03\x9f\x09\xa0\x03\xaa\x09\xa1\x03\xb5\x09\xa3\x03\xbc\x09'\
b'\xa4\x03\xc3\x09\xa5\x03\xca\x09\xa6\x03\xd1\x09\xa7\x03\xdc\x09'\
b'\xa8\x03\xe3\x09\xa9\x03\xee\x09\xac\x03\xf9\x09\xad\x03\x00\x0a'\
b'\xae\x03\x07\x0a\xaf\x03\x0e\x0a\xb1\x03\x12\x0a\xb2\x03\x19\x0a'\
b'\xb3\x03\x20\x0a\xb4\x03\x27\x0a\xb5\x03\x2e\x0a\xb6\x03\x35\x0a'\
b'\xb7\x03\x3c\x0a\xb8\x03\x43\x0a\xb9\x03\x4a\x0a\xba\x03\x4e\x0a'\
b'\xbb\x03\x55\x0a\xbc\x03\x5c\x0a\xbd\x03\x63\x0a\xbe\x03\x6a\x0a'\
b'\xbf\x03\x71\x0a\xc0\x03\x78\x0a\xc1\x03\x7f\x0a\xc2\x03\x86\x0a'\
b'\xc3\x03\x8d\x0a\xc4\x03\x94\x0a\xc5\x03\x9b\x0a\xc6\x03\xa2\x0a'\
b'\xc7\x03\xa9\x0a\xc8\x03\xb0\x0a\xc9\x03\xb7\x0a\xcc\x03\xc2\x0a'\
b'\xcd\x03\xc9\x0a\xce\x03\xd0\x0a\xd0\x03\xdb\x0a\xd1\x03\xe2\x0a'\
b'\xd5\x03\xe9\x0a\xd6\x03\xf0\x0a\x01\x04\xfb\x0a\x04\x04\x02\x0b'\
b'\x06\x04\x09\x0b\x07\x04\x0d\x0b\x0e\x04\x11\x0b\x10\x04\x18\x0b'\
b'\x11\x04\x1f\x0b\x12\x04\x26\x0b\x13\x04\x2d\x0b\x14\x04\x34\x0b'\
b'\x15\x04\x3f\x0b\x16\x04\x46\x0b\x17\x04\x51\x0b\x18\x04\x58\x0b'\
b'\x19\x04\x5f\x0b\x1a\x04\x66\x0b\x1b\x04\x6d\x0b\x1c\x04\x78\x0b'\
b'\x1d\x04\x83\x0b\x1e\x04\x8e\x0b\x1f\x04\x99\x0b\x20\x04\xa4\x0b'\
b'\x21\x04\xab\x0b\x22\x04\xb2\x0b\x23\x04\xb9\x0b\x24\x04\xc0\x0b'\
b'\x25\x04\xcb\x0b\x26\x04\xd2\x0b\x27\x04\xdd\x0b\x28\x04\xe4\x0b'\
b'\x29\x04\xef\x0b\x2a\x04\xfa\x0b\x2b\x04\x05\x0c\x2c\x04\x10\x0c'\
b'\x2d\x04\x17\x0c\x2e\x04\x1e\x0c\x2f\x04\x29\x0c\x30\x04\x30\x0c'\
b'\x31\x04\x37\x0c\x32\x04\x3e\x0c\x33\x04\x45\x0c\x34\x04\x4c\x0c'\
b'\x35\x04\x53\x0c\x36\x04\x5a\x0c\x37\x04\x65\x0c\x38\x04\x6c\x0c'\
b'\x39\x04\x73\x0c\x3a\x04\x7a\x0c\x3b\x04\x81\x0c\x3c\x04\x88\x0c'\
b'\x3d\x04\x93\x0c\x3e\x04\x9a\x0c\x3f\x04\xa1\x0c\x40\x04\xa8\x0c'\
b'\x41\x04\xaf\x0c\x42\x04\xb6\x0c\x43\x04\xbd\x0c\x44\x04\xc4\x0c'\
b'\x45\x04\xcf\x0c\x46\x04\xd6\x0c\x47\x04\xdd\x0c\x48\x04\xe4\x0c'\
b'\x49\x04\xef\x0c\x4a\x04\xfa\x0c\x4b\x04\x01\x0d\x4c\x04\x0c\x0d'\
b'\x4d\x04\x13\x0d\x4e\x04\x1a\x0d\x4f\x04\x25\x0d\x51\x04\x2c\x0d'\
b'\x54\x04\x33\x0d\x56\x04\x3a\x0d\x57\x04\x3e\x0d\x5e\x04\x42\x0d'\

_mvfont = memoryview(_font)
_mvsp = memoryview(_sparse)
ifb = lambda l : l[0] | (l[1] << 8)

def bs(lst, val):
    while True:
        m = (len(lst) & ~ 7) >> 1
        v = ifb(lst[m:])
        if v == val:
            return ifb(lst[m + 2:])
        if not m:
            return 0
        lst = lst[m:] if v < val else lst[:m]

def get_ch(ch):
    doff = bs(_mvsp, ord(ch)) << 3
    width = ifb(_mvfont[doff : ])

    next_offs = doff + 2 + ((width - 1)//8 + 1) * 27
    return _mvfont[doff + 2:next_offs], 27, width

